Code,Name,Bao hanh,Base_price,Slase_price,Img_directory,Thong so san pham
MBAS588,"Mainboard ASUS PRIME H410M-A (Intel H410, Socket 1200, m-ATX, 2 khe Ram DDR4)",24 tháng,0,1959000,img/MAIN/250_52872_prime_h410m_a_01.png,- Kích thước: M-ATX.- Socket: LGA 1200.- Chipset: H410.- Khe RAM tối đa: 2.- Loại RAM hỗ trợ: DDR4.
MBAS558 ,"Mainboard ASUS ROG MAXIMUS XII FORMULA (Intel Z490, Socket 1200, ATX, 4 khe RAM DDR4)",36 tháng,0,0,img/MAIN/250_52342_rog_maximus_xii_formula_01.jpg,"- Chuẩn mainboard: ATX.- Socket: 1200, Chipset: Z490.- Hỗ trợ RAM: 4 khe DDR4, tối đa 128GB.- Lưu trữ:  3 x M.2 NVMe, 6 x SATA 3 6Gb/s.- Cổng xuất hình: Không."
MBAS581,"Mainboard ASUS TUF GAMING B460-PRO (WIFI) (Intel B460, Socket 1200, ATX, 4 khe Ram DDR4)",24 tháng,0,0,img/MAIN/250_52865_tuf_gaming_b460_pro__wi_fi__01_01.jpg,- Kích thước: ATX.- Socket: LGA1200.- Chipset: B460.- Khe RAM tối đa: 4.- Loại RAM hỗ trợ: DDR4.
MBAS579,"Mainboard ASUS ROG STRIX B460-H GAMING (Intel B460, Socket 1200, ATX, 4 khe Ram DDR4)",24 tháng,0,3459000,img/MAIN/250_52863_rog_strix_b460_h_gaming_01_01.jpg,- Kích thước: ATX.- Socket: LGA1200.- Chipset: B460.- Khe RAM tối đa: 4.- Loại RAM hỗ trợ: DDR4.
MBAS535,"Mainboard ASUS ROG STRIX X570-E GAMING (AMD X570, Socket AM4, ATX, 4 khe RAM DDR4)",24 tháng,0,9349000,img/MAIN/250_47571_rog_strix_x570_e_gaming_aura_sync_01.png,- Kích thước: ATX.- Socket: AM4.- Chipset: X570.- Khe RAM tối đa: 4.- Loại RAM hỗ trợ: DDR4.
MBAS534,"Mainboard ASUS ROG X570 CROSSHAIR VIII HERO (AMD X570, Socket AM4, ATX, 4 khe RAM DDR4)",24 tháng,0,11399000,img/MAIN/250_47570_rog_crosshair_viii_hero_aura_sync_01.png,"- Ổ cắm AMD AM4: Hỗ trợ các bộ xử lý AMD Ryzen™ thế hệ thứ 2 và thứ 3 và tới hai ổ M.2, USB 3.2 Gen2 và AMD StoreMI để tối tối đa khả năng kết nối và tốc độ..- Thiết kế tản nhiệt toàn diện: Quạt tản nhiệt chipset chủ động, quạt tản nhiệt M.2 bằng nhôm và khu vực làm mát ROG..- Bộ nguồn ổn định: Thiết kế bộ nguồn với 14+2 pha cấp điện IR3555 PowIRstages, ProCool II, cuộn cảm lõi sắt từ và tụ điện kim loại đen 10K do Nhật Bản sản xuất..- Mạng hiệu suất cao: Wi-Fi 6 tích hợp (802.11ax) hỗ trợ MU-MIMO, 2.5 Gbps Ethernet và Gigabit Ethernet, cả hai đều được trang bị công nghệ bảo vệ ASUS LANGuard và hỗ trợ phần mềm GameFirst V..- Tối ưu 5 Chiều: Hiệu chỉnh tự động toàn hệ thống, cung cấp các hồ sơ ép xung và làm mát được tùy chỉnh cho hệ thống của bạn.."
MBAS533,"Mainboard ASUS ROG X570 CROSSHAIR VIII HERO Wifi (AMD X570, Socket AM4, ATX, 4 khe RAM DDR4)",24 tháng,0,11899000,img/MAIN/250_47569_rog_crosshair_viii_hero__wi_fi__aura_sync_01.png,"- Mainboard Asus Rog Crosshair VIII Hero (WI-FI).- Chuẩn mainboard: ATX.- Socket: AM4 , Chipset: X570.- Hỗ trợ RAM: DDR4 , tối đa 64GB.- Cổng cắm lưu trữ: 1 x M.2 NVMe; 1 x M.2 SATA/NVMe; 6 x SATA 3 6Gb/s."
MBAS532,"Mainboard ASUS ROG X570 CROSSHAIR VIII FORMULA (AMD X570, Socket AM4, ATX, 4 khe RAM DDR4)",24 tháng,0,21699000,img/MAIN/250_47568_rog_crosshair_viii_formula_aura_sync_01.png,"- Socket: AM4 hỗ trợ CPU AMD thế hệ 3.- Kích thước: ATX.- Khe cắm RAM: 4 khe (Tối đa 128GB).- Khe cắm mở rộng: 2 x PCIe 4.0/3.0 x16.- Khe cắm ổ cứng: 1 x M.2, 8 x SATA 6Gb/s."
MBAS596,"Mainboard ASUS TUF GAMING B550-PLUS (AMD B550, Socket AM4, ATX, 4 khe RAM DRR4)",36 tháng,4299000,4099000,img/MAIN/250_53324_tuf_b550_plus_gaming_1.jpg,- Kích thước: ATX.- Socket: AM4.- Chipset: B550.- Khe RAM tối đa: 4.- Loại RAM hỗ trợ: DDR4.
MBAS597,"Mainboard ASUS TUF GAMING B550M-PLUS (AMD B550, Socket AM4, m-ATX, 4 khe RAM DRR4)",36 tháng,4199000,3999000,img/MAIN/250_53325_tuf_gaming_b550m_plus_01.jpg,- Kích thước: M-ATX.- Socket: AM4.- Chipset: B550.- Khe RAM tối đa: 4.- Loại RAM hỗ trợ: DDR4.
MBAS598,"Mainboard ASUS TUF GAMING B550M-PLUS (WI-FI) (AMD B550, Socket AM4, m-ATX, 4 khe RAM DRR4)",36 tháng,4599000,4499000,img/MAIN/250_53326_tuf_gaming_b550m_plus__wi_fi__1.jpg,- Kích thước: M-ATX.- Socket: AM4.- Chipset: B550.- Khe RAM tối đa: 4.- Loại RAM hỗ trợ: DDR4.
MBAS505,"Mainboard ROG MAXIMUS XI HERO (Intel Z390, Socket 1151, ATX, 4 khe RAM DDR4)",24 tháng,0,6999000,img/MAIN/250_44302__hinh_dai_dien__bo_mach_chu_gaming_cao_cap_mainboard_asus_rog_maximus_xi_hero_z390_aura_sync_hop_san_pham_01.png,- Kích thước: ATX.- Socket: LGA 1151v2.- Chipset: Z390.- Khe RAM tối đa: 4.- Loại RAM hỗ trợ: DDR4.
MBAS539,"Mainboard ASUS ROG Z390 MAXIMUS XI HERO (WI-FI) (Intel Z390, Socket 1151, ATX, 4 khe RAM DDR4)",24 tháng,0,7799000,img/MAIN/250_48772__hinh_dai_dien__bo_mach_chu_gaming_cao_cap_mainboard_asus_rog_maximus_xi_hero_z390_aura_sync_hop_san_pham_01.png,"- Socket LGA1151 cho các bộ xử lý máy tính bàn Intel® Core™ thế hệ thứ 8/9..- Công nghệ đèn RGB đồng bộ hóa hỗ trợ nhiều thiết bị PC tương thích Aura Sync và hỗ trợ các dải đèn địa chỉ và Phillip Hue.- Bo mạch chủ được làm mát hoàn hảo với các vùng cổng cấp nước chuyên dụng, quạt tản nhiệt M.2 và điều khiển quạt đa dạng.- Khả năng kết nối gaming: Intel Gigabit Ethernet , LANGaurd, M.2 kép, USB 3.1 Gen 2, Wi-Fi với MU-MI-MO 802.11.- Tối ưu hóa 5 bước: Tự động điều chỉnh toàn hệ thống, hỗ trợ các tính năng ép xung và làm mát công nghệ AI dành riêng cho giàn máy của bạn."
MBAS573,"Mainboard ASUS ProArt Z490-CREATOR 10G (Intel Z490, Socket 1200, ATX, 4 khe RAM DDR4)",24 tháng,0,8899000,img/MAIN/250_52357_proart_z490_creator_10g_01.jpg,"- Chuẩn mainboard: ATX.- Socket: 1200, Chipset: Z490.- Hỗ trợ RAM: 4 khe DDR4, tối đa 128GB.- Lưu trữ:  2 x M.2 NVMe, 6 x SATA 3 6Gb/s.- Cổng xuất hình: 1 x HDMI, 1 x DP."
MBAS554,"Mainboard ASUS ROG STRIX B360-I GAMING (Intel B360 , Socket 1151, Mini ATX, 2 khe RAM DDR4)",24 tháng,3699000,3299000,img/MAIN/250_51060_rog_strix_b360_i_gaming_01.png,- Kích thước: ITX.- Socket: 1151v2.- Chipset: B360.- Khe RAM tối đa: 2.- Loại RAM hỗ trợ: DDR4.
MBAS525,"Mainboard ASUS ROG STRIX B365-F GAMING (Intel B365, Socket 1151, ATX, 4 khe RAM DDR4)",24 tháng,3599000,3299000,img/MAIN/250_47176_rog_strix_b365_f_gaming_01.png,"- Socket: 1151 9th/8th Gen Intel Core, Pentium Gold and Celeron Processors.- Kích thước: ATX.- Khe cắm RAM: 4 khe (Tối đa 64GB).- Khe cắm mở rộng: 1 x PCIe 3.0/2.0 x16/1 x PCIe 3.0/2.0 x16 / 3 x PCIe 3.0/2.0 x1.- Khe cắm ổ cứng: 1 x M.2 Socket 3/ 1 x M.2 Socket 3/ 6 x SATA 6Gb/s."
MBAS522,"Mainboard ASUS ROG MAXIMUS XI APEX (Intel Z390,Socket 1151, ATX, 2 khe RAM DDR4)",24 tháng,0,9699000,img/MAIN/250_45816_rog_maximus_xi_apex_z390_10.png,"- Chuẩn mainboard: ATX .- Socket: LGA 1151-v2 , Chipset: Z390 .- Hỗ trợ RAM: DDR4 , tối đa 64GB .- Cổng cắm lưu trữ: 1 x M.2 NVMe; 1 x M.2 SATA/NVMe; 6 x SATA 3 6Gb/s; Hỗ trợ Intel Optane .- Cổng xuất hình: Không có."
MBAS548,"Mainboad ASUS ROG STRIX X299 - E GAMING II (Intel X299, Socket 2066, ATX,8 khe RAM DDR4)",24 tháng,10899000,9399000,img/MAIN/250_49687_01_rog_strix_x299_e_gaming_ii.png,"- Sẵn sàng cho bộ xử lý Intel® Core ™ X-series mới nhất để tối đa hóa khả năng kết nối và tốc độ với tối đa ba ổ M.2, USB 3.2 Gen 2, Intel® VROC và Intel® Optane ™.- Cá nhân hóa chưa từng có: Ánh sáng Aura Sync RGB dành riêng cho OLED và ASUS, bao gồm các chân kết nối RGB và các chân kết nối Gen 2 A-RGB.- Giải pháp tối ưu: 12 phase nguồn với đầu nối nguồn ProCool II, cuộn cảm chất lượng cao và tụ điện bền để hỗ trợ bộ xử lý đa lõi.- Làm mát toàn diện: Tản nhiệt chủ động VRM, tản nhiệt vây xếp chồng lên nhau, với ống tản nhiệt 8 mm, tản nhiệt M.2 kép trên bo mạch.- Kết nối chơi game: Ba cổng M.2, USB 3.2 Type-C và đầu nối bảng mặt trước Type-C."
MBAS529,"Mainboard ASUS EX-B365M-V5 (Intel B365, Socket 1151, m-ATX, 2 khe RAM DDR4)",24 tháng,1899000,1649000,img/MAIN/250_47480_01_ex_b365m_v5.png,"- Chipset: Intel B365.- Socket: LGA1151.- Hỗ trợ CPU: Intel® Socket 1151 9th / 8th Gen Intel® Core™, Pentium® Gold and Celeron® Processors. Supports Intel® 14 nm CPU..- Cạc đồ họa: VGA onboard.- Kích thước: mATX."
MBAS495,"Mainboard ASUS PRIME B450M-A (AMD B450, Socket AM4, m-ATX, 4 khe RAM DDR4)",24 tháng,1899000,1699000,img/MAIN/250_43238_01_prime_b450m_a.png,"- Bo mạch chủ AMD AM4 mATX DDR4 3200MHz, M.2, HDMI 2.0b, SATA 6Gbps và USB 3.1 Gen 2."
MBAS536,"Mainboard ASUS ROG STRIX Z390-E GAMING (Intel Z390, Socket 1151, ATX, 4 khe RAM DDR4)",24 tháng,5699000,5599000,img/MAIN/250_48061_1__bo_mach_chu_gaming_cao_cap_asus_rog_strix_z390_e_gaming_aura_sync_hop_san_pham.png,"- Asus ROG STRIX Z390-E GAMING.- Socket: LGA1151 hỗ trợ CPU intel thế hệ 8 và 9.- Kích thước: ATX.- Khe cắm RAM: 4 khe (Tối đa 64GB).- Khe cắm mở rộng: 3 x PCIe 3.0/2.0 x16, 3 x PCIe 3.0/2.0 x1."
MBAS601,"Mainboard ASUS PRIME B550M-A (WI-FI) (AMD B550, Socket AM4,m- ATX, 4 khe RAM DRR4)",36 tháng,0,3799000,img/MAIN/250_53329_prime_b550m_a_1.jpg,- Kích thước: M-ATX.- Socket: AM4.- Chipset: B550.- Khe RAM tối đa: 4.- Loại RAM hỗ trợ: DDR4.
MBAS602,"Mainboard ASUS PRIME B550M-K (AMD B550, Socket AM4,m- ATX, 4 khe RAM DRR4)",36 tháng,0,3199000,img/MAIN/250_53330_prime_b550m_k_1.jpg,- Kích thước: M-ATX.- Socket: AM4.- Chipset: B550.- Khe RAM tối đa: 4.- Loại RAM hỗ trợ: DDR4.
MBAS530,"Mainboard ASUS PRIME X570-P/CSM (AMD X570, Socket AM4, ATX, 4 khe RAM DDR4)",24 tháng,0,4899000,img/MAIN/250_47566_prime_x570_p_aura_sync_01.png,"- Socket: AM4 hỗ trợ CPU AMD thế hệ 3.- Kích thước: ATX.- Khe cắm RAM: 4 khe (Tối đa 128GB).- Khe cắm mở rộng: 1 x PCIe 4.0/3.0 x16.- Khe cắm ổ cứng: 1 x M.2, 6 x SATA 6Gb/s."
MBAS542,Mainboard Asus Pro WS X570-ACE,24 tháng,0,8989000,img/MAIN/250_49338_pro_ws_x570_ace_1.png,"- Ba khe cắm PCIe 4.0 x16 với sự sắp xếp làn đường được tối ưu hóa 3 chiều x8 / x8 / x8 để tăng tốc khối lượng công việc ngày càng đa dạng.- Bộ nhớ ECC đáng tin cậy và đáp ứng phù hợp cho các nhiệm vụ quan trọng.- ASUS Control Center Express: Một tiện ích phần mềm được trang bị bộ điều khiển LAN GbE để quản lý ngoài băng tần để tăng cường kiểm soát mức phần cứng nhằm cải thiện hiệu quả CNTT.- Lưu trữ cực nhanh: Lên đến 64Gbps M.2 & 32Gbps U.2, cộng với cổng USB 3.2 Gen 2 lên tới 10Gbps với cổng Type-A và Type-C.- Tản nhiệt VRM cực kỳ hiệu quả: Tản nhiệt lớn, tản nhiệt và thiết kế quạt PCH tích hợp tối đa hóa diện tích bề mặt để tản nhiệt để cho phép hiệu suất vượt trội."
MBAS541,"Mainboard ASUS TUF GAMING X570 PLUS (Wi-Fi) (AMD X570, Socket AM4, ATX, 4 khe RAM DDR4)",24 tháng,0,5999000,img/MAIN/250_49003_tuf_gaming_x570_plus__wi_fi__aura_sync_01.png,"- ASUS TUF - Bền. Ổn Định. Tin cậy.- Hiệu suất mạnh mẽ với Dr.MOS, PCB 6 lớp, Chân cấp nguồn ProCool, Linh kiện chuẩn TUF, Digi+ VRM.- Dễ vọc máy tính với TUF Gaming Alliance, TUF Protection, Armoury Crate.- Intel Wireless-AC 9260 tích hợp Wi-Fi 5.- Turbo LAN - Phần mềm tối ưu kết nối mạng cho khả năng tuỳ chỉnh mức ưu tiên các gói tin."
MBAS599,"Mainboard ASUS PRIME B550-PLUS (AMD B550, Socket AM4, ATX, 4 khe RAM DRR4)",36 tháng,0,4299000,img/MAIN/250_53327_prime_b550_plus_1.jpg,- Kích thước: ATX.- Socket: AM4.- Chipset: B550.- Khe RAM tối đa: 4.- Loại RAM hỗ trợ: DDR4.
MBAR230,"Mainboard ASROCK B365M - Pro4 (Intel B365, Socket 1151, m-ATX, 4 khe RAM DDR4)",24 tháng,2299000,1999000,img/MAIN/250_45722_mainboard_asrock_b365m_pro4_0004_5.jpg,"- Hỗ trợ bộ xử lý Intel® Core ™ thế hệ thứ 9 và thứ 8 (Socket 1151).- Hỗ trợ DDR4 2666.- 2 PCIe 3.0 x16, 1 PCIe 3.0 x1, 1 M.2 Phím E cho WiFi.- AMD Quad CrossFireX ™.- Tùy chọn đầu ra đồ họa: HDMI, DVI-D, D-Sub."
MBGI549,"Mainboard GIGABYTE H310M-S2H (Intel H310, Socket 1151, m-ATX, 2 khe RAM DDR4)",24 tháng,1759000,1649000,img/MAIN/250_51554_mainboard_gigabyte_h310m_s2h_0002_3.jpg,"- Chuẩn mainboard: Micro-ATX.- Socket: 1151 , Chipset: H310.- Hỗ trợ RAM: DDR4 , tối đa 32GB.- Cổng cắm lưu trữ: 1 x M.2 SATA/NVMe; 4 x SATA 3 6Gb/s.- Cổng xuất hình: 1 x DVI-D; 1 x HDMI; 1 x VGA/D-sub."
MBGI552,"Mainboard GIGABYTE B450 AORUS ELITE (AMD B450, Socket AM4, ATX, 4 khe RAM DDR4) ",24 tháng,2599000,2499000,img/MAIN/250_52095_mainboard_gigabyte_b450_aorus_elite_amd_b450_socket_am4_m_atx_4_khe_ram_ddr4_0000_1.jpg,"- Chuẩn mainboard: Micro-ATX.- Socket: AM4 .- Chipset: B450.- Hỗ trợ RAM: 4 khe DDR4, tối đa 64GB.- Lưu trữ: 2 x M.2 SATA/NVMe, 6 x SATA 3 6Gb/s."
MBGI569,"Mainboard Gigabyte B460M GAMING HD (Intel B460, Socket 1200, m-ATX, 2 khe RAM DDR4)",36 tháng,0,2059000,img/MAIN/250_52909_gigabyte_b460m_gaming_hd.jpg,- Kích thước: Micro-ATX.- Socket: LGA 1200.- Chipset: B460.- Khe RAM tối đa: 2.- Loại RAM hỗ trợ: DDR4.
MBGI516,"Mainboard GIGABYTE A320M-S2H (AMD A320, Socket AM4, m-ATX, 2 khe RAM DDR4) ",24 tháng,1499000,1399000,img/MAIN/250_44458_mainboard_gigabyte_a320m_s2h_0001_2.jpg,"- GIGABYTE GA-A320M-S2H.- Socket: AM4 hỗ trợ AMD Ryzen và AMD thế hệ 7.- Kích thước: m-ATX.- Khe cắm RAM: 2 khe (Tối đa 32GB).- Khe cắm mở rộng: 1 x PCI Express x16 slot, 2 x PCI Express x1 slots."
MBAS471,"Mainboard ASUS ROG STRIX B360-F GAMING (Intel B360, Socket 1151, ATX, 4 khe RAM DDR4)",24 tháng,0,2899000,img/MAIN/250_41782_mainboard_asus_rog_strix_b360_f_gaming_0004_5.jpg,"- Khe cắm LGA1151: Sẵn sàng cho bộ vi xử lý máy tính Intel® Core™ Thế hệ thứ 8..- Aura Sync RGB: Đồng bộ hệ thống chiếu sáng LED với nhiều danh mục thiết bị PC tương thích, bao gồm các dải RGB..- Easy DIY: Màn chắn I/O gắn sẵn, ASUS SafeSlot và các bộ phận cao cấp mang lại độ bền tối đa..- Thiết kế thân thiện với tính năng in 3D: Các dàn 3D chuyên dụng thực hiện công việc lắp ráp nhanh chóng các bộ phận in 3D..- Bộ tản nhiệt M.2 trên bo mạch: Làm mát ổ M.2 để mang lại hiệu suất lưu trữ nhất quán và tăng cường độ tin cậy.."
MBMS328,"Mainboard MSI H310M PRO - VL (Intel H310, Socket 1151, m-ATX, 2 khe RAM DDR4)",24 tháng,1739000,1699000,img/MAIN/250_43471_mainboard_msi_h310m_pro___vl_0004_5.jpg,"- Chuẩn mainboard: Micro-ATX.- Socket: LGA 1151-v2 , Chipset: H310.- Hỗ trợ RAM: DDR4 , tối đa 32GB.- Cổng cắm lưu trữ: 4 x SATA 3 6Gb/s.- Cổng xuất hình: 1 x VGA/D-sub."
MBMS363,"Mainboard MSI B450M PRO VDH MAX (AMD B450, Socket AM4, m-ATX, 4 khe RAM DDR4) ",24 tháng,2099000,1999000,img/MAIN/250_49678_mainboard_msi_b450m_pro_vdh_max_0000_1.jpg,"- Hỗ trợ AMD Ryzen ™ / Ryzen ™ thế hệ 1, 2 và 3 với Đồ họa Radeon ™ Vega và AMD Ryzen ™ thế hệ 2 với Đồ họa Radeon ™ / Athlon ™ với Bộ xử lý đồ họa Radeon ™ Vega cho socket AM4.- Hỗ trợ bộ nhớ DDR4, lên đến 3466+ (OC) MHz.- Turbo M.2: Chạy ở PCI-E Gen3 x4 tối đa hóa hiệu suất cho SSD dựa trên NVMe..- DDR4 Boost: Công nghệ tiên tiến để cung cấp tín hiệu dữ liệu thuần túy cho hiệu suất và độ ổn định tốt nhất..- Audio Boost: Thưởng cho đôi tai của bạn với chất lượng âm thanh cấp phòng thu.."
MBAS472,"Mainboard ASUS ROG STRIX B360-G GAMING (Intel B360, Socket 1151, m-ATX, 4 khe RAM DDR4)",24 tháng,0,2290000,img/MAIN/250_41783_mainboard_asus_rog_strix_b360_g_gaming_0006_7.jpg,"- Khe cắm LGA1151: Sẵn sàng cho bộ vi xử lý máy tính Intel® Core™ Thế hệ thứ 8..- Aura Sync RGB: Đồng bộ hệ thống chiếu sáng LED với nhiều danh mục thiết bị PC tương thích, bao gồm các dải RGB..- Easy DIY: Màn chắn I/O gắn sẵn, ASUS SafeSlot và các bộ phận cao cấp mang lại độ bền tối đa..- Làm mát tiên tiến: Các cấu hình làm mát và tinh chỉnh toàn hệ thống tự động được thiết kế riêng cho thiết bị của bạn..- Âm thanh chuyên game: SupremeFX S1220A kết hợp với Sonic Studio III tạo ra những cảnh quan âm thanh thiên nhiên đầy thu hút.."
MBGI573,"Mainboard Gigabyte H410M-DS2V (Intel H410, Socket 1200, m-ATX, 2 khe Ram DDR4)",36 tháng,0,1749000,img/MAIN/250_53232_gigabyte_h410_ds2v.jpg,- Kích thước: Micro-ATX.- Socket: LGA 1200.- Chipset: H410.- Khe RAM tối đa: 2.- Loại RAM hỗ trợ: DDR4.
MBAS549,"Mainboad ASUS ROG RAMPAGE VI EXTREME ENCONRE (Intel X299, Socket 2066, E-ATX, 8 khe RAM DDR4)",24 tháng,0,18599000,img/MAIN/250_49688_mainboad_asus_rog_rampage_vi_extreme_enconre_0001_2.jpg,"- Sẵn sàng cho bộ xử lý Intel® Core ™ X-series mới nhất để tối đa hóa khả năng kết nối và tốc độ với tối đa bốn ổ M.2, USB 3.2 Gen 2x2, Intel® VROC và Intel® Optane ™.- Cung cấp năng lượng mạnh mẽ: Giải pháp năng lượng được tối ưu hóa với 16 phase nguồn Infineon TDA21472, đầu nối nguồn ProCool II, cuộn cảm hợp kim MicroFine và tụ điện 10K.- Ép xung AI: Tối ưu hóa nhanh chóng hiệu suất CPU của bạn dựa trên CPU và bộ làm mát, đạt được kết quả cực kỳ gần với điều chỉnh thủ công của các chuyên gia.- Thiết kế nhiệt toàn diện: Tản nhiệt VRM làm mát chủ động, tản nhiệt nhôm PCIe vùng M.2, tấm ốp lưng,....- Kết nối mạng hiệu năng cao: Onboard Aquantia® 10 Gbps Ethernet, Wi-Fi 6 (802.11ax) có hỗ trợ MU-MIMO và công nghệ GameFirst V."
MBAS492,"Mainboard ASUS ROG STRIX B450-F GAMING (AMD B450, Socket AM4, ATX, 4 khe RAM DDR4)",24 tháng,3299000,2999000,img/MAIN/250_43236_mainboard_asus_rog_strix_b450_f_gaming_0000_1.jpg,- Kích thước: ATX.- Socket: AM4.- Chipset: B450.- Khe RAM tối đa: 4.- Loại RAM hỗ trợ: DDR4.
MBAR240,"Mainboard ASROCK B365M-HDV (Intel B365, Socket 1151, m-ATX, 2 khe RAM DDR4)",24 tháng,1699000,1599000,img/MAIN/250_48190_mainboard_asrock_b365m_hdv_0004_5.jpg,"- Socket: LGA1151 hỗ trợ CPU intel thế hệ 8 và 9.- Kích thước: m-ATX.- Khe cắm RAM: 2 khe (Tối đa 32GB).- Khe cắm mở rộng: 1 x PCIe 3.0 x16, 2 x PCIe 3.0 x1.- Khe cắm ổ cứng: 6 x SATA3, 1 x Ultra M.2."
MBAS484,Mainboard Asus Z11PA-D8 (Dual CPU Server & Workstation),24 tháng,0,15999000,img/MAIN/250_42754_mainboard_asus_z11pa_d8_dual_cpu_server_amp_workstation_0000_1.jpg,"- Được hỗ trợ bởi nền tảng Intel® Xeon® Scalable có 8 khe DIMM hỗ trợ 3DS ECC RDIMMS hoặc LRDIMMS hỗ trợ lên đến DDR4-2666 và 4 cổng mạng Gigabit LAN cùng một LAN quản lý chuyên dụng. Z11PE-D8 mang lại dung lượng bộ nhớ và băng thông dữ liệu tốt nhất..- Bo mạch chủ kích cỡ CEB với lỗ gắn chuẩn ATX để gắn linh hoạt  vừa với các case phôt thông, tháp, hoặc rack có kích thước nhỏ gọn 12 ”x 10.5” dành cho nhóm SMB (Small Business), Print / File / Mail, Máy chủ lưu trữ phổ thông, xử lý số liệu, Render...."
MBGI512,"Mainboard GIGABYTE Z390 Aorus Pro (Wifi) (Intel Z390, Socket 1151, ATX, 4 khe RAM DDR4)",24 tháng,5499000,5199000,img/MAIN/250_44260_mainboardgigabyte_z390_aorus_pro_wifi_0000_1.jpg,"- Socket: LGA1151 hỗ trợ CPU intel thế hệ 8 và 9.- Kích thước: ATX.- Khe cắm RAM: 4 khe (Tối đa 64GB).- Khe cắm mở rộng: 3 x PCIe 3.0 x16, 3 x PCIe 3.0 x1, 1 x M.2 Socket 1.- Khe cắm ổ cứng: 6 x SATA 6Gb/s, 2 x M.2 Socket 3."
MBAS513,"Mainboard ASUS ROG Z390 MAXIMUS XI EXTREME (Intel Z390,Socket 1151, ATX, 4 khe RAM DDR4)",24 tháng,0,12099000,img/MAIN/250_44894__h__nh______i_di___n_bo_mach_chu_gaming_cao_cap_asus_rog_maximus_xi_extreme_z390_aura_sync_hop_san_pham.png,"- Socket LGA1151: Hỗ trợ các bộ xử lý máy tính Intel® Core™ thế hệ thứ 8/9..- Công nghệ đèn RGB đồng bộ hóa: Hỗ trợ nhiều thiết bị PC tương thích Aura Sync và hỗ trợ các dải đèn địa chỉ và Phillip Hue..- Làm mát hoàn hảo: Vùng làm mát bằng nước chuyên dụng, quạt tản nhiệt M.2 và điều khoản quạt linh hoạt..- ROG DIMM.2: Cạc mở rộng M.2 kép được lắp thẳng đứng với quạt tản nhiệt để làm mát và đẩm hiệu suất tối ưu..- Tối ưu hóa 5 chiều: Tự động điều chỉnh toàn hệ thống, hỗ trợ các tính năng ép xung và làm mát công nghệ AI dành riêng cho giàn máy của bạn.."
MBGI545,"Mainboard GIGABYTE TRX40 AORUS MASTER (AMD TRX40, Socket  sTRX4, E-ATX, 8 khe RAM DDR4) ",24 tháng,14399000,13299000,img/MAIN/250_50399_gigabyte_trx40_aorus_master_1.jpg,- Chipset : AMD TRX40.- Socket : sTRX4 .- CPU hỗ trợ :AMD Socket sTRX4 for 3rd Gen AMD Ryzen™ Threadripper™ Series Desktop Processors.- Kích thước : E-ATX.
MBGI565,"Mainboard Gigabyte B460M D2V (Intel B460, Socket 1200, m-ATX, 2 khe RAM DDR4)",36 tháng,0,1999000,img/MAIN/250_52905_gigabyte_b460m_d2v.jpg,- Kích thước: Micro-ATX.- Socket: LGA 1200.- Chipset: B460.- Khe RAM tối đa: 2.- Loại RAM hỗ trợ: DDR4.
MBAS368,Mainboard ASUS Z10PE-D8 WS (DUAL CPU WORKSTATION),24 tháng,0,14289000,img/MAIN/250_42896_mainboard_asus_z10pe_d8_ws_dual_cpu_workstation_0001_2.jpg,"- Sức mạnh Đồ họa Gấp Bốn – Liên kết PCI-E Gen3 x16 4 Chiều hỗ trợ NVidia GeForce SLI và AMD CrossFireX theo yêu cầu .- Giải pháp Điện năng Tuyệt đối – Các linh kiện cao cấp cho hiệu quả sử dụng điện năng hàng đầu .- BIOS độc đáo để ép xung Hai CPU – Tăng hiệu năng ép xung của CPU lên đến 10% .- Khả năng lưu trữ linh hoạt vượt trội – M.2 x4 tích hợp trên bo mạch và có hỗ trợ các card ASUS PIKE II .- Dễ bảo trì – ASUS Q-Code Logger, một nút bảo trì tiện lợi và đèn hiển thị LED Dr. Power báo hiệu các tình trạng điện năng bất thường."
MBMS356,"Mainboard MSI B365M Mortar (Intel B365, Socket 1151, m-ATX, 4 khe RAM DDR4)",24 tháng,2399000,2199000,img/MAIN/250_48020_mainboard_msi_b365m_mortar_0004_5.jpg,- Kích thước: Micro-ATX .- Socket: LGA 1151-v2.- Chipset: B365.- Khe RAM tối đa: 4.- Bus RAM hỗ trợ: 2133MHz ;2400MHz ;2666MHz.
MBGI566,"Mainboard Gigabyte B460M DS3H (Intel B460, Socket 1200, m-ATX, 4 khe RAM DDR4)",36 tháng,0,2199000,img/MAIN/250_52906_gigabyte_b460m_ds3h.jpg,- Kích thước: Micro-ATX.- Socket: LGA 1200.- Chipset: B460.- Khe RAM tối đa: 4.- Loại RAM hỗ trợ: DDR4.
MBAS502,"Mainboard ASUS ROG Z390 MAXIMUS XI FORMULA (Intel Z390 ,Socket 1151,ATX,4 khe RAM DDR4)",24 tháng,11199000,10899000,img/MAIN/250_44254_hinh_dai_dien_bo_mach_chu_gaming_cao_cap_asus_rog_maximus_xi_formula_z390_aura_sync_hop_san_pham_01.png,"- Socket LGA1151 cho các bộ xử lý máy tính bàn Intel® Core™ thế hệ thứ 8/9..- CrossChill EK III và khu vực làm mát bằng nước: Giữ cho hệ thống của bạn mát khi hoạt động làm tăng nhiệt..- Hệ sinh thái ROG: Đèn Aura Sync RGB chuyên dụng của ASUS bao gồm các đầu gắn cho cả các dải đèn RGB tiêu chuẩn và địa chỉ..- Khả năng kết nối gaming: Các giắc nối Aquantia 5G LAN, Intel Gigabit Ethernet, LANGuard, 2x2 802.11ac Wi-Fi, M.2 kép, USB 3.1 Gen 2 Loại-A và Kiểu-C™..- Đổ mới: Tối ưu hóa 5 chiều: Tự động điều chỉnh toàn hệ thống, hỗ trợ các tính năng ép xung và làm mát công nghệ AI dành riêng cho giàn máy của bạn.."
MBGI567,"Mainboard Gigabyte B460M AORUS PRO (Intel B460, Socket 1200, m-ATX, 4 khe RAM DDR4)",36 tháng,0,2699000,img/MAIN/250_52907_gigabyte_b460m_aorus_pro.jpg,- Kích thước: Micro-ATX.- Socket: LGA 1200.- Chipset: B460.- Khe RAM tối đa: 4.- Loại RAM hỗ trợ: DDR4.
MBAS540,Mainboard Asus Pro WS C246-ACE,24 tháng,0,4689000,img/MAIN/250_48822_mainboard_asus_pro_ws_c246_ace_0005_6.jpg,"- Bộ nhớ ECC đáng tin cậy và đáp ứng phù hợp cho các công viẹc quan trọng.- ASUS Control Center Express: Phần mềm quản lý CNTT cấp máy chủ để cải thiện hiệu quả CNTT.- Lưu trữ cực nhanh với hỗ trợ M.2 & U.2, cộng với cổng USB 3.2 Gen 2 lên tới 10Gbps với cổng Type-A và Type-C.- Các tùy chọn làm mát hàng đầu trong ngành: Điều khiển toàn diện cho quạt và máy bơm nước, thông qua phần mềm Fan Xpert 4 hoặc ASUS UEFI nổi tiếng.- ASUS OptiMem: Định tuyến cẩn thận các dấu vết và vias để duy trì tính toàn vẹn tín hiệu, cải thiện độ ổn định của bộ nhớ."
MBGI524,Mainboard  Gigabyte C246_WU4,24 tháng,0,4989000,img/MAIN/250_45417_mainboard_gigabyte_c246_wu4_0000_1.jpg,"- Hỗ trợ Dung lượng bộ nhớ lên tới 128GB. * .- Bộ xử lý Intel ® Xeon ® E cung cấp hiệu năng và khả năng nâng cao. .- Hỗ trợ bộ nhớ ECC, nó có thể loại bỏ sự khác biệt dữ liệu nhỏ và ngăn ngừa hỏng dữ liệu để đảm bảo độ tin cậy cho các ứng dụng quan trọng đồng thời giúp giảm sự cố hệ thống. .- * Hỗ trợ dung lượng 128GBl, yêu cầu cập nhật BIOS. .- ** Hỗ trợ ECC thay đổi tùy theo CPU.."
MBAR191,Mainboard Asrock Rack EP2C602 - Dual CPU Socket 2011,24 tháng,8699000,7899000,img/MAIN/250_36253_mainboard_asrock_rack_ep2c602_dual_cpu_socket_2011_0001_2.jpg,- Sản phẩm sử dụng CPU Intel Xeon E5 - 2680 v2 (Mã SP: CPUI252). Tối ưu đa nhiệm của hệ thống máy chủ Server và máy Trạm WORKSTATIONS.
MBAS526,"Mainboard ASUS ROG STRIX B365-G GAMING (Intel B365 , Socket 1151, m-ATX, 4 khe RAM DDR4)",24 tháng,2499000,2059000,img/MAIN/250_47177_rog_strix_b365_g_gaming_aura_sync_1.png,"- Socket: Intel 9th/8th Gen Intel Core, Pentium Gold and Celeron Processors.- Kích thước: m-ATX.- Khe cắm RAM: 4 khe (Tối đa 64GB).- Khe cắm mở rộng: 1 x PCIe 3.0 x16 /1 x PCIe 3.0 x16/1 x PCIe 3.0 x1.- Khe cắm ổ cứng: 1 x M.2 Socket 3/ 1 x M.2 Socket 3/ 6 x SATA 6Gb/s."
MBGI509,"Mainboard GIGABYTE Z390 Gaming X (Intel Z390, Socket 1151, ATX, 4 khe RAM DDR4)",24 tháng,3999000,3799000,img/MAIN/250_44257_mainboardgigabyte_z390_gaming_x_0000_1.jpg,"- Chuẩn mainboard: ATX.- Socket: LGA 1151-v2 , Chipset: Z390.- Hỗ trợ RAM: DDR4 , tối đa 64GB.- Cổng cắm lưu trữ: 2 x M.2 SATA/NVMe; 6 x SATA 3 6Gb/s; Hỗ trợ Intel Optane.- Cổng xuất hình: 1 x HDMI."
MBGI550,"Mainboard GIGABYTE X299X AORUS MASTER (Intel X299, Socket 2066, E-ATX, 8 khe RAM DDR4)",24 tháng,0,11199000,img/MAIN/250_51811_vo_hop_mainboard_gigabyte_x299x_aorus_master.jpg,"- Chuẩn mainboard: Extended-ATX.- Socket: 2066 , Chipset: X299.- Hỗ trợ RAM: 8 khe DDR4, tối đa 256GB.- Lưu trữ: 8 x SATA 3 6Gb/s, 1 x M.2 SATA/NVMe, 2 x M.2 NVMe, Hỗ trợ Intel Optane.- Cổng xuất hình: Không có."
MBAS568,"Mainboard ASUS TUF Gaming Z490-PLUS (WI-FI) (Intel Z490, Socket 1200, ATX, 4 khe RAM DDR4)",24 tháng,5959000,5299000,img/MAIN/250_52352_tuf_gaming_z490_plus__wi_fi__01_01.jpg,"- Chuẩn mainboard: ATX.- Socket: 1200, Chipset: Z490.- Hỗ trợ RAM: 4 khe DDR4, tối đa 128GB.- Lưu trữ:  2 x M.2 NVMe, 6 x SATA 3 6Gb/s.- Cổng xuất hình: 1 x HDMI, 1 x DisplayPort."
MBAR273,"Mainboard ASROCK B460 PHANTOM GAMING 4 (Intel B460, Socket 1200, ATX, 4 khe Ram DDR4)",36 tháng,0,2299000,img/MAIN/250_52975_b460_phantom_gaming_4.jpg,- Kích thước: ATX.- Socket: LGA 1200.- Chipset: B460.- Khe RAM tối đa: 4.- Loại RAM hỗ trợ: DDR4.
MBMS395,"Mainboard MSI H410M-A PRO (Intel H410, Socket 1200, m-ATX, 2 khe RAM DDR4)",24 tháng,1799000,1679000,img/MAIN/250_53733_msi_h410m_a_pro.jpg,- Kích thước: Micro-ATX.- Socket: LGA 1200.- Chipset: H410.- Khe RAM tối đa: 2.- Loại RAM hỗ trợ: DDR4.
MBAR276,"Mainboard ASROCK B550M STEEL LEGEND (AMD B550, Socket AM4, m-ATX, 4 khe RAM DDR4)",24 tháng,0,3599000,img/MAIN/250_53496_b550m_steel_legend_l1_.jpg,- Kích thước: M-ATX.- Socket: AM4.- Chipset: B550.- Khe RAM tối đa: 4.- Loại RAM hỗ trợ: DDR4.
MBMS398,Mainboard MSI B550M PRO-VDH WIFI,24 tháng,0,3199000,img/MAIN/250_55007_mainboard_msi_b550m_pro_vhd_wifi_5.png,- Kích thước: m-ATX.- Socket: AM4.- Chipset: B550.- Khe RAM tối đa: 4.- Loại RAM hỗ trợ: DDR4.
MBAR239,"Mainboard ASROCK A320M-HDV R4.0 (AMD A320M, Socket AM4,,m-ATX, 2 khe RAM DDR4)",24 tháng,1399000,1249000,img/MAIN/250_48086_mainboard_asrock_a320m_hdv_r4_0_0004_a320m_hdv_r4_0_l1_.jpg,"- Chuẩn mainboard: Micro-ATX.- Socket: AM4 , Chipset: A320.- Hỗ trợ RAM: 2 khe DDR4, tối đa 32GB.- Lưu trữ: 4 x SATA 3 6Gb/s, 1 x M.2 SATA/NVMe.- Cổng xuất hình: 1 x HDMI, 1 x DVI-D, 1 x VGA/D-sub."
MBAS527,"Mainboard ASUS ROG STRIX X570-F GAMING (AMD X570 ,Socket AM4, ATX, 4 khe RAM DDR4)",24 tháng,7979000,5899000,img/MAIN/250_47178_rog_strix_x570_f_gaming_aura_sync_01.png,"- Chạy CPU Ryzen thế hệ 2 và 3 với kết nối siêu nhanh 2 ổ M.2, USB 3.2 Gen2 và AMD StoreMI.- Aura Sync điều chỉnh dải led độc quyền ASUS tích hợp đầu nối RGB và đầu nối thế hệ 2.- Tản nhiệt toàn phần: PCH heatsink chủ động, MOS heatsink với ống đồng 8mm, M.2 heatsinks và đầu nối cho bơm tản nước.- Kết nối Gaming: PCIe 4.0, HDMI 2.0, DisplayPort 1.2 và M.2 kênh đôi cùng USB 3.2 Type-A và Type-C.- Mạng Gaming: Intel Gigabit Ethernet, ASUS LANGuard và GameFirst."
MBGI510,"Mainboard GIGABYTE Z390 Aorus Master (Intel Z390, Socket 1151, ATX, 4 khe RAM DDR4)",24 tháng,7699000,7499000,img/MAIN/250_44258_mainboardgigabyte_z390_aorus_master_0000_1.jpg,"- Socket: LGA1151 hỗ trợ CPU intel thế hệ 8 và 9.- Kích thước: ATX.- Khe cắm RAM: 4 khe (Tối đa 64GB).- Khe cắm mở rộng: 3 x PCIe 3.0 x16, 3 x PCIe 3.0 x1, 1 x M.2 Socket 1.- Khe cắm ổ cứng: 3 x M.2 Socket 3, 6 x SATA 6Gb/s."
MBAS547,"Mainboad ASUS PRIME X299 - A II (Intel X299, Socket 2066, ATX, 8 khe RAM DDR4)",24 tháng,6999000,6599000,img/MAIN/250_49686_prime_x299_a_ii_02.png,"- Socket Intel LGA 2066: Sẵn sàng cho bộ xử lý Intel® Core ™ X-series mới nhất.- Ép xung AI: Tối ưu hóa nhanh chóng hiệu suất CPU của bạn dựa trên CPU và bộ làm mát, đạt được kết quả cực kỳ gần với điều chỉnh thủ công của các chuyên gia.- Thiết kế công suất mạnh mẽ: 12 phase điện IR3555, đầu nối ProCool II, cuộn hợp kim và tụ điện siêu bền để cung cấp năng lượng ổn định.- Tản nhiệt M.2: Tản nhiệt cực kỳ hiệu quả giúp giảm nhiệt độ SSD M.2 lên đến 20 ° C cho tốc độ truyền không bị thay đổi và tăng độ tin cậy.- Kết nối thế hệ tiếp theo: Bộ nhớ Intel Optane đã sẵn sàng, hỗ trợ Intel® VROC, hỗ trợ M.2 kép và USB 3.2 Gen Type-C ™."
MBGI535,"Mainboard GIGABYTE B365M-D3H (Intel B365, Socket 1151, m-ATX, 4 khe RAM DDR4)",24 tháng,0,2399000,img/MAIN/250_48372_mainboard_gigabyte_b365m_d3h_0003_4.jpg,"- Chuẩn mainboard: Micro-ATX.- Socket: 1151 , Chipset: B365.- Hỗ trợ RAM: 4 khe DDR4, tối đa 64GB.- Lưu trữ: Hỗ trợ Intel Optane, 1 x M.2 SATA/NVMe, 6 x SATA 3 6Gb/s.- Cổng xuất hình: 1 x HDMI, 1 x DVI-D, 1 x DisplayPort, 1 x VGA/D-sub."
MBAS569,"Mainboard ASUS TUF GAMING Z490-PLUS (Intel Z490, Socket 1200, ATX, 4 khe RAM DDR4)",24 tháng,5639000,5099000,img/MAIN/250_52353_tuf_gaming_z490_plus_01_01.jpg,"- Chuẩn mainboard: ATX.- Socket: 1200, Chipset: Z490.- Hỗ trợ RAM: 4 khe DDR4, tối đa 128GB.- Lưu trữ:  2 x M.2 NVMe, 6 x SATA 3 6Gb/s.- Cổng xuất hình: 1 x HDMI, 1 x DisplayPort."
MBMS375,"Mainboard MSI MAG Z490 TOMAHAWK (Intel Z490, Socket 1200, ATX, 4 khe RAM DDR4)",24 tháng,5999000,5699000,img/MAIN/250_52312_mainboard_msi_mag_z490_tomahawk_intel_z490_socket_1200_atx_4_khe_ram_ddr4_0000_1.jpg,"- Chuẩn mainboard: ATX.- Socket: 1200, Chipset: Z490.- Hỗ trợ RAM: 4 khe DDR4, tối đa 128GB.- Lưu trữ:  2 x M.2 NVMe, 6 x SATA 3 6Gb/s.- Cổng xuất hình: 1 x HDMI. 1 x Display Port."
MBGI564,"Mainboard Gigabyte Z490 AORUS ULTRA (Intel Z490, Socket 1200, ATX, 4 khe RAM DDR4)",24 tháng,9999000,8699000,img/MAIN/250_52566_z490_aorus_ultra.jpg,- Kích thước: ATX.- Socket: LGA 1200.- Chipset: Z490.- Khe RAM tối đa: 4.- Loại RAM hỗ trợ: DDR4.
MBAR270,"Mainboard ASROCK B460M STEEL LEGEND (Intel B460, Socket 1200, m-ATX, 4 khe Ram DDR4)",24 tháng,0,2699000,img/MAIN/250_52877_asrock_b460m_steel_legend_l1.jpg,- Kích thước: M-ATX.- Socket: LGA 1200.- Chipset: B460.- Khe RAM tối đa: 4.- Loại RAM hỗ trợ: DDR4.
MBMS396,Mainboard MSI B460M-A PRO,24 tháng,2199000,1999000,img/MAIN/250_54008_msi_b460m_a_pro.jpg,- Kích thước: Micro-ATX.- Socket: LGA 1200.- Chipset: B460.- Khe RAM tối đa: 2.- Loại RAM hỗ trợ: DDR4.
MBAS593,"Mainboard ASUS ROG STRIX B550-E GAMING (AMD B550, Socket AM4, ATX, 4 khe RAM DRR4)",36 tháng,6999000,6599000,img/MAIN/250_53321_mainboard_asus_rog_strix_b550_e_gaming_amd_b550_socket_am4_atx_4_khe_ram_drr4_1.jpg,- Kích thước: ATX.- Socket: AM4.- Chipset: B550.- Khe RAM tối đa: 4.- Loại RAM hỗ trợ: DDR4.
MBMS399,"Mainboard MSI B550M PRO-DASH (AMD B550, Socket AM4, m-ATX, 4 khe RAM DRR4)",24 tháng,0,2799000,img/MAIN/250_55008_mainboard_msi_b550m_pro_dash_03.jpg,- Kích thước: m-ATX.- Socket: AM4.- Chipset: B550.- Khe RAM tối đa: 4.- Loại RAM hỗ trợ: DDR4.
MBGI511,"Mainboard GIGABYTE Z390 Aorus Ultra (Intel Z390, Socket 1151, ATX, 4 khe RAM DDR4)",24 tháng,6499000,6299000,img/MAIN/250_44259_mainboardgigabyte_z390_aorus_ultra_0000_1.jpg,"- Socket: LGA1151 hỗ trợ CPU intel thế hệ 8 và 9.- Kích thước: ATX.- Khe cắm RAM: 4 khe (Tối đa 64GB).- Khe cắm mở rộng: 3x PCIe 3.0 x16, 3x PCIe 3.0 x1.- Khe cắm ổ cứng: 6 x SATA 6Gb/s, 3x M.2 Socket 3."
MBAS494,"Mainboard ASUS PRIME H310M-E R2.0 (Intel H310, Socket 1151, m-ATX, 2 khe RAM DDR4)",24 tháng,1779000,1649000,img/MAIN/250_43763_prime_h310m_e_r2_1.png,- ASUS OptiMem: Gửi chính xác dấu vết để đảm bảo tính toàn vẹn tín hiệu nhằm tăng cường độ ổn định bộ nhớ..- Fan Xpert: Các điều khiển linh hoạt để đảm bảo làm mát và độ tĩnh lặng tối ưu kết hợp với cảm biến nhiệt độ GPU để làm mát khi chơi game..- 5X Protection III: Công nghệ bảo vệ đa phần cứng cho sự bảo vệ toàn diện..- Khả năng kết nối siêu nhanh: Hỗ trợ Native M.2 để đạt các tốc độ lưu trữ cực nhanh.
MBGI583,"Mainboard Gigabyte W480 VISION W (W480, socket 1200, ATX, 4 khe RAM DDR4)",24 tháng,7499000,6799000,img/MAIN/250_54964_w480_vision_w_001.png,- Bo mạch chủ cho nhu cầu làm việc chuyên nghiệp.- Socket LGA 1200.- Kích thước ATX.- 4 khe RAM.
MBMS378,"Mainboard MSI MPG Z490 GAMING EDGE WIFI (Intel Z490, Socket 1200, ATX, 4 khe RAM DDR4)",24 tháng,6499000,6199000,img/MAIN/250_52567_msi_mpg_z490_gaming_edge_wifi.jpg,"- Chuẩn mainboard: ATX.- Socket: 1200, Chipset: Z490.- Hỗ trợ RAM: 4 khe DDR4, tối đa 128GB.- Lưu trữ: 2 x M.2 NVMe, 6 x SATA 3 6Gb/s.- Raid: 0/1/5/10."
HHTL734,"Mainboard MSI Z490-A PRO( Intel Z490, Socket 1200, ATX, 4 khe RAM DDR4) (HÀNG THANH LÝ MỚI 95% - MBMS377)",24 tháng,3999000,3299000,img/MAIN/250_56176_52510_msi_z490_a_pro.jpg,- Kích thước: ATX.- Socket: LGA 1200.- Chipset: Z490.- Khe RAM tối đa: 4.- Loại RAM hỗ trợ: DDR4.
MBAR278,"Mainboard ASROCK B550M PRO4 (AMD B550, Socket AM4, m-ATX, 4 khe RAM DDR4)",24 tháng,0,2799000,img/MAIN/250_53498_b550m_pro4_l1_.jpg,- Kích thước: M-ATX.- Socket: AM4.- Chipset: B550.- Khe RAM tối đa: 4.- Loại RAM hỗ trợ: DDR4.
MBAS577,"Mainboard ASUS ROG STRIX B460-F GAMING (Intel B460, Socket 1200, ATX, 4 khe Ram DDR4)",24 tháng,3999000,3799000,img/MAIN/250_52861_rog_strix_b460_f_gaming_01_01.jpg,- Kích thước: ATX.- Socket: LGA1200.- Chipset: B460.- Khe RAM tối đa: 4.- Loại RAM hỗ trợ: DDR4.
MBAR265,"Mainboard ASROCK H410M-HVS (Intel H410, Socket 1200, m-ATX, 2 khe Ram DDR4)",24 tháng,0,1549000,img/MAIN/250_52455_mainboard_asrock_h410m_hvs_intel_h410_socket_1200_m_atx_2_khe_ram_ddr4_0004_5.jpg,"- Chuẩn mainboard: m-ATX.- Socket: 1200, Chipset: H410.- Hỗ trợ RAM: 2 khe DDR4, tối đa 64GB.- Lưu trữ: 4 x SATA 3 6Gb/s.- Cổng xuất hình: 1 x HDMI, 1 x VGA."
MBAR228,"Mainboard ASROCK H310CM DVS (Intel H310, Socket 1151, m-ATX, 2 khe RAM DDR4)",24 tháng,1439000,1349000,img/MAIN/250_45142_mainboard_asrock_h310cm_dvs_0004_5.jpg,"- Hỗ trợ Bộ xử lý Intel® Core ™ thế hệ thứ 9 và thứ 8 (Socket 1151).- Hỗ trợ DDR4 2666.- 1 PCIe 3.0 x16, 1 PCIe 2.0 x1.- Tùy chọn đầu ra đồ họa: DVI-D, D-Sub.- 7.1 CH HD Audio (Bộ giải mã âm thanh Realtek ALC887), Tụ âm thanh ELNA."
MBAS369,Mainboard ASUS Z10PE-D16 WS (DUAL CPU WORKSTATION),24 tháng,14499000,13699000,img/MAIN/250_27076_asus_z10pe_d16_ws_dual_cpu_workstation_0000_1.jpg,- Intel® Socket 2011-3 kép/ Chipset Intel C612 PCH.- Thiết kế luồng không khí chuyển động đều với 16 khe cắm DIMM.- Giải pháp Điện năng Tuyệt đối – Các linh kiện cao cấp cho hiệu quả sử dụng điện năng hàng đầu.- BIOS độc đáo để ép xung Hai CPU – Tăng hiệu năng ép xung của CPU lên đến 10%.- Quản lý hoàn toàn máy chủ từ xa với module IPMI 2.0-compliant ASMB8-iKVM và ASWM Enterprise.
MBAS537,"Mainboard ASUS TUF B450M-PLUS GAMING (AMD B450, Socket AM4, m-ATX, 4 khe RAM DDR4)",24 tháng,2299000,2049000,img/MAIN/250_48126_mainboard_asus_tuf_b450m_plus_gaming_0005_13_119_141_v02.jpg,"- Cảm biến Nhiệt độ GPU & Fan Xpert 2+: Đảm bảo mỗi quạt đều đạt được độ cân bằng cao nhất về hiệu suất làm mát và tính thẩm mỹ.- TUF Protection: SafeSlot, ESD Guards, bảo vệ quá áp DDR4, Digi+ VRM, và bảng I/O mặt sau bằng thép không gỉ cho độ tin cậy lâu dài.- Linh kiện TUF cấp quân sự: TUF LANGuard, TUF Chokes, TUF Capacitors, và TUF MOSFETs cho độ bền tối đa.- Âm thanh DTS® Custom độc quyền: Mang đến tín hiệu định vị cho các bộ tai nghe stereo, giúp bạn xác định chính xác vị trí của đối thủ và hành động.- Aura Sync RGB: Đồng bộ hệ thống đèn LED với một loạt các phụ kiện PC tương thích.."
MBGI522,"Mainboard GIGABYTE Z390 AORUS ELITE (Intel Z390, Socket 1151, ATX, 4 khe RAM DDR4)",24 tháng,4999000,4599000,img/MAIN/250_45191_mainboardgigabyte_z390_aorus_elite_0001_2.jpg,"- Socket: LGA1151 hỗ trợ CPU intel thế hệ 8 và 9.- Kích thước: ATX.- Khe cắm RAM: 4 khe (Tối đa 64GB).- Khe cắm mở rộng: 1 x PCI Express x16 slot, 1 x PCI Express x16 slot, 4 x PCI Express x1 slots.- Khe cắm ổ cứng: 2 x M.2, 6 x SATA,."
HHTL738,"Mainboard MSI B450M PRO - M2 V2 (AMD B450, Socket AM4, m-ATX, 2 khe RAM DDR4) (HÀNG THANH LÝ MỚI 99% - MBMS357)",24 tháng,1799000,1399000,img/MAIN/250_56177_48060_mainboard_msi_b450m_pro_m2_v2_0004_5.jpg,"- Socket: AM4 hỗ trợ CPU Ryzen 7.- Kích thước: m-ATX.- Khe cắm RAM: 2 khe (Tối đa 32GB).- Khe cắm mở rộng: 1 x PCI-E X16, 2 x PCI-E X1, PCI-E GEN3.- Khe cắm ổ cứng: 4 x SATAIII, 1 x M.2 SLOT."
MBGI557,"Mainboard GIGABYTE Z490 AORUS ELITE (Intel Z490, Socket 1200, ATX, 4 khe RAM DDR4)",24 tháng,6399000,6099000,img/MAIN/250_52301_mainboard_gigabyte_z490_aorus_elite_intel_z490_socket_1200_atx_4_khe_ram_ddr4.png,"- Chuẩn mainboard: ATX.- Socket: 1200, Chipset: Z490.- Hỗ trợ RAM: 4 khe DDR4, tối đa 128GB.- Lưu trữ: 2 x M.2 NVMe, 6 x SATA 3 6Gb/s.- Cổng xuất hình: 1 x HDMI."
MBAS578,"Mainboard ASUS ROG STRIX B460-G GAMING (Intel B460, Socket 1200, m-ATX, 4 khe Ram DDR4)",24 tháng,3190000,2999000,img/MAIN/250_52862_rog_strix_b460_g_gaming_01_02.jpg,- Kích thước: M-ATX.- Socket: LGA1200.- Chipset: B460.- Khe RAM tối đa: 4.- Loại RAM hỗ trợ: DDR4.
MBAS509,Mainboard Asus P11C-X/AUDIO (Server / Workstation),24 tháng,4190000,3789000,img/MAIN/250_44641_mainboard_asus_p11c_x_audio_0001_2.png,"- P11C-X / AUDIO là bo mạch chủ máy chủ dựa trên nền tảng Intel ® Xeon ® E và chipset Intel ® C242 cung cấp 02 cổng Ethernet và khả năng mở rộng linh hoạt với M.2 kép, sáu SATA 6G, hai PCIe và hai khe cắm PCI cho thiết bị thế hệ trước. .- Bố cục được bố trí tối ưu hóa, trong đó CPU và bộ nhớ được đặt trong một bố trí song song, để thúc đẩy làm mát tối đa cho hiệu quả tản nhiệt tuyệt vời.."
MBMS368,"Mainboard MSI A320M-A PRO (AMD A320, Socket AM4, m-ATX, 2 khe RAM DDR4) ",24 tháng,1399000,1299000,img/MAIN/250_49683_mainboard_msi_a320m_a_pro_0000_1.jpg,"- Hỗ trợ AMD Ryzen ™ / Ryzen ™ thế hệ 1, 2 và 3 với Đồ họa Radeon ™ Vega và AMD Ryzen ™ thế hệ 2 với Đồ họa Radeon ™ / Athlon ™ với Đồ họa Radeon ™ Vega và Bộ xử lý máy tính để bàn A-series / Athlon X4 .- Hỗ trợ bộ nhớ DDR4, lên đến 3200 (OC) MHz.- Audio Boost: Thưởng cho đôi tai của bạn với chất lượng âm thanh cấp phòng thu..- DDR4 Boost: Công nghệ tiên tiến để cung cấp tín hiệu dữ liệu thuần túy cho hiệu suất và độ ổn định tốt nhất.- Core Boost: Với bố cục cao cấp và thiết kế nguồn hoàn toàn kỹ thuật số để hỗ trợ nhiều lõi hơn và cung cấp hiệu suất tốt hơn.."
HHTL740,"Mainboad ASUS ROG STRIX X299 - E GAMING II (Intel X299, Socket 2066, ATX,8 khe RAM DDR4) (HÀNG THANH LÝ - MỚI 98%)",24 tháng,9399000,7299000,img/MAIN/250_56196_49687_01_rog_strix_x299_e_gaming_ii.png,"- Sẵn sàng cho bộ xử lý Intel® Core ™ X-series mới nhất để tối đa hóa khả năng kết nối và tốc độ với tối đa ba ổ M.2, USB 3.2 Gen 2, Intel® VROC và Intel® Optane ™.- Cá nhân hóa chưa từng có: Ánh sáng Aura Sync RGB dành riêng cho OLED và ASUS, bao gồm các chân kết nối RGB và các chân kết nối Gen 2 A-RGB.- Giải pháp tối ưu: 12 phase nguồn với đầu nối nguồn ProCool II, cuộn cảm chất lượng cao và tụ điện bền để hỗ trợ bộ xử lý đa lõi.- Làm mát toàn diện: Tản nhiệt chủ động VRM, tản nhiệt vây xếp chồng lên nhau, với ống tản nhiệt 8 mm, tản nhiệt M.2 kép trên bo mạch.- Kết nối chơi game: Ba cổng M.2, USB 3.2 Type-C và đầu nối bảng mặt trước Type-C."
MBMS376,"Mainboard MSI MPG Z490 GAMING PLUS (Intel Z490, Socket 1200, ATX, 4 khe RAM DDR4)",24 tháng,4799000,4499000,img/MAIN/250_52509_z490_gaming_plus.jpg,"- Giao tiếp: 2x USB 3.2 Gen 2 10Gbps (1 Type-C + 1 Type-A) + 7x USB 3.2 Gen 1 5Gbps (1 Type-C + 6 Type-A ) + 6x USB 2.0.- Chipset: Intel® Z490 Chipset.- Socket: LGA 1200.- Support Ram: 4 DIMMs, Dual Channel DDR4-4800(OC)."
MBAR250,"Mainboard ASROCK Z490 EXTREME 4 (Intel Z490, Socket 1200, ATX, 4 khe Ram DDR4)",24 tháng,4899000,4699000,img/MAIN/250_52440_asrock_z490_extreme_4.jpg,"- Chuẩn mainboard: ATX.- Socket: 1200, Chipset: Z490.- Hỗ trợ RAM: 4 khe DDR4, tối đa 128GB.- Lưu trữ: 2 x M.2 NVMe, 6 x SATA 3 6Gb/s.- Cổng xuất hình: 1 x HDMI, 1 x Display Port."
MBGI568,"Mainboard Gigabyte B460 AORUS PRO AC (Intel B460, Socket 1200, m-ATX, 4 khe RAM DDR4)",36 tháng,4199000,3999000,img/MAIN/250_52908_gigabyte_b460_aorus_pro_ac.jpg,- Kích thước: ATX.- Socket: LGA 1200.- Chipset: B460.- Khe RAM tối đa: 4.- Loại RAM hỗ trợ: DDR4.
MBAS408,Mainboard ASUS Z10PA-D8C (DUAL CPU WORKSTATION),24 tháng,0,7999000,img/MAIN/250_33404_mainboard_asus_z10pa_d8c_dual_cpu_workstation_0000_1.jpg,"- Bo mạch máy chủ ASUS Z10PA-D8C đã tích hợp các tính năng linh hoạt vào một kiểu dáng 12”x10” và có thể dễ dàng lắp vừa rất nhiều thùng máy ATX tiêu chuẩn. Thông qua thiết kế sáng tạo và kỹ thuật chế tác hạng nhất, bo mạch máy chủ này mang đến giải pháp lưu trữ toàn diện, hiệu năng máy chủ với một thiết kế nhỏ gọn, cùng các linh kiện cao cấp cho hiệu quả làm việc cao cấp. Với hỗ trợ cho hai CPU và một thiết kế có thể lắp vừa các thùng ATX, Z10PA-D8C là giải pháp lý tưởng cho hệ thống máy chủ nhóm, máy chủ lưu trữ Hadoop, các ứng dụng máy chủ lưu trữ khác và trung tâm dữ liệu của các doanh nghiệp vừa và nhỏ (SMB).."
MBAS550,"Mainboard ASUS TUF B365M-PLUS GAMING (Intel B365 ,Socket 1151, m-ATX, 4 khe RAM DDR4)",24 tháng,2399000,1899000,img/MAIN/250_49927_01_tuf_b365m_plus_gaming.png,"- Bảo vệ TUF: Bảo vệ ESD, Bảo vệ quá áp DDR4, Digi + VRM và I / O mặt sau bằng thép không gỉ cho độ tin cậy lâu dài.- Các thành phần TUF chuẩn quân đội: TUF LANGuard, TUF Chokes, TUF Tụ và TUF MOSFET cho độ bền tối đa.- Aura Sync RGB: Đồng bộ hóa ánh sáng LED với danh mục thiết bị PC tương thích rộng lớn.- Bộ nhớ Intel® Optane ™ đã sẵn sàng: Khai thác công nghệ lưu trữ tốc độ cao mới nhất.- Bản địa M.2: Tốc độ lưu trữ cực nhanh."
MBGI529,"Mainboard GIGABYTE X570 GAMING X (AMD X570, Socket AM4, ATX, 4 khe RAM DDR4) ",24 tháng,5099000,4399000,img/MAIN/250_47486_mainboardgigabyte_x570_gaming_x_0001_2.jpg,"- Socket: AM4 hỗ trợ CPU Ryzen thế hệ 3 và 2.- Kích thước: ATX.- Khe cắm RAM: 4 khe (Tối đa 128GB).- Khe cắm mở rộng: 1 x PCIe 4.0/3.0 x16.- Khe cắm ổ cứng: 6 x SATA 6Gb/s, 1 x M.2 connector."
MBAS511,"Mainboard ASUS TUF B360M-E GAMING (Intel B360, Socket 1151, m-ATX, 2 khe RAM DDR4)",24 tháng,2199000,1799000,img/MAIN/250_44755_mainboard_asus_tuf_b360m_e_gaming_0003_4.jpg,"- TUF Protection: SafeSlot, ESD Guards, bảo vệ quá áp DDR4, Digi+ VRM, và bảng I/O mặt sau bằng thép không gỉ cho độ tin cậy lâu dài.- Fan Xpert: Điều khiển Tản nhiệt Linh hoạt.- Linh kiện TUF cấp quân sự: TUF LANGuard, TUF Chokes, TUF Capacitors, và TUF MOSFETs cho độ bền tối đa.- Aura Sync RGB: Đồng bộ hệ thống đèn LED với một loạt các phụ kiện PC tương thích.- Sẵn sàng cho bộ nhớ Intel® Optane™: Tận dụng công nghệ lưu trữ tốc độ cao mới nhất."
MBMS360,"Mainboard MSI B450 TOMAHAWK MAX (AMD B450, Socket AM4, ATX, 4 khe RAM DDR4) ",24 tháng,2599000,2439000,img/MAIN/250_49675_mainboard_msi_b450_tomahawk_max_0003_4.jpg,"- Hỗ trợ AMD Ryzen ™ / Ryzen ™ thế hệ 1, 2 và 3 với Đồ họa Radeon ™ Vega và AMD Ryzen ™ thế hệ 2 với Đồ họa Radeon ™ / Athlon ™ với Bộ xử lý đồ họa Radeon ™ Vega socket AM4.- Hỗ trợ bộ nhớ DDR4, lên đến 4133 (OC) MHz.- Thiết kế tản nhiệt mở rộng: Bộ tản nhiệt PWM mở rộng và thiết kế mạch nâng cao đảm bảo ngay cả các bộ xử lý cao cấp cũng chạy ở tốc độ tối đa..- Trải nghiệm trò chơi Lightning Fast: 1x TURBO M.2, AMD Turbo USB 3.2 GEN2, lưu trữ công nghệ MI.- Core Boost: Với thiết kế cao cấp và thiết kế nguồn điện kỹ thuật số để hỗ trợ nhiều lõi hơn và cung cấp hiệu suất tốt hơn.."
MBAS553,"Mainboard ASUS PRIME TRX40-PRO (AMD TRX40 ,Socket sTRX4, ATX, 8 khe RAM DDR4)",24 tháng,12499000,10999000,img/MAIN/250_50398_mainboard_asus_prime_trx40_pro_0000_1.jpg,- Kích thước: ATX.- Socket: sTRX4.- Chipset: TRX4.- Khe RAM tối đa: 8.- Loại RAM hỗ trợ: DDR4.
MBAS567,"Mainboard ASUS ROG STRIX Z490-I GAMING (Intel Z490, Socket 1200, Mini ITX, 2 khe RAM DDR4)",24 tháng,7999000,7299000,img/MAIN/250_52351_rog_strix_z490_i_gaming_01_01.jpg,"- Chuẩn mainboard: Mini ITX.- Socket: 1200, Chipset: Z490.- Hỗ trợ RAM: 2 khe DDR4, tối đa 64GB.- Lưu trữ:  2 x M.2 NVMe, 4 x SATA 3 6Gb/s.- Cổng xuất hình: 1 x HDMI, 1 x DisplayPort."
MBGI559,"Mainboard GIGABYTE Z490 VISION D (Intel Z490, Socket 1200, ATX, 4 khe RAM DDR4)",24 tháng,8799000,8199000,img/MAIN/250_52303_gigabyte_z490_vision_d_2.jpg,- Kích thước: ATX.- Socket: LGA 1200.- Chipset: Z490.- Khe RAM tối đa: 4.- Loại RAM hỗ trợ: DDR4.
MBAR251,"Mainboard ASROCK Z490 STEEL LEGEND (Intel Z490, Socket 1200, ATX, 4 khe Ram DDR4)",24 tháng,4999000,4599000,img/MAIN/250_52441_z490_steel_legend.jpg,"- Chuẩn mainboard: ATX.- Socket: 1200, Chipset: Z490.- Hỗ trợ RAM: 4 khe DDR4, tối đa 128GB.- Lưu trữ: 2 x M.2 NVMe, 6 x SATA 3 6Gb/s.- Cổng xuất hình: 1 x HDMI, 1 x Display Port."
MBAS580,"Mainboard ASUS ROG STRIX B460-I GAMING (Intel B460, Socket 1200, Mini-ITX, 2 khe Ram DDR4)",24 tháng,4199000,3899000,img/MAIN/250_52864_rog_strix_b460_i_gaming_01.png,- Kích thước: mini-ITX.- Socket: LGA1200.- Chipset: B460.- Khe RAM tối đa: 2.- Loại RAM hỗ trợ: DDR4.
MBAS600,"Mainboard ASUS PRIME B550M-A (AMD B550, Socket AM4,m- ATX, 4 khe RAM DRR4)",36 tháng,0,2799000,img/MAIN/250_53328_prime_b550m_a_1.jpg,- Kích thước: M-ATX.- Socket: AM4.- Chipset: B550.- Khe RAM tối đa: 4.- Loại RAM hỗ trợ: DDR4.
MBGI578,"Mainboard Gigabyte B550 AORUS ELITE (AMD B550, Socket AM4, m-ATX, 4 khe RAM DDR4)",24 tháng,4699000,4499000,img/MAIN/250_53556_gigabyte_b550_aorus_elite.jpg,- Kích thước: M-ATX.- Socket: AM4.- Chipset: B550.- Khe RAM tối đa: 4.- Loại RAM hỗ trợ: DDR4.
MBGI585,"Mainboard Gigabyte A520M-S2H (AMD A520, Socket 1200, m-ATX, 2 khe RAM DDR4)",24 tháng,0,1799000,img/MAIN/250_55501_mainboard_gigabyte_a520m_s2h.png,- Kích thước: mATX.- Socket: AM4.- Chipset: A520.- Khe RAM tối đa: 4.- Loại RAM hỗ trợ: DDR4.
MBGI531,"Mainboard GIGABYTE X570 AORUS ULTRA (AMD X570, Socket AM4, ATX, 4 khe RAM DDR4) ",24 tháng,8699000,8099000,img/MAIN/250_47488_mainboardgigabyte_x570_aorus_ultra_0001_2.jpg,- Socket: AM4 hỗ trợ CPU Ryzen thế hệ 3 và 2.- Kích thước: ATX.- Khe cắm RAM: 4 khe (Tối đa 128GB).- Khe cắm mở rộng: 2 x PCIe 4.0/3.0 x16.
MBMS341,"Mainboard MSI H310M PRO-VDH PLUS (Intel H310, Socket 1151, m-ATX, 2 khe RAM DDR4)",24 tháng,1759000,1599000,img/MAIN/250_51723_vo_hop_mainboard_msi_h310m_pro_vdh_plus.png,"- Chuẩn mainboard: Micro-ATX.- Socket: LGA 1151-v2 , Chipset: H310.- Hỗ trợ RAM: DDR4 , tối đa 32GB.- Cổng cắm lưu trữ: 4 x SATA 3 6Gb/s.- Cổng xuất hình: 1 x DVI-D; 1 x HDMI; 1 x VGA/D-sub."
MBAS610,Bo mạch chủ Asus Prime H310M-E R2.0/CSM,24 tháng,0,1649000,img/MAIN/250_56153_mach_chinh_asus_prime_h310m_e_r2_0_csm_5.jpg,"- Bo mạch chủ phổ thông của Asus.- Socket 1151.- Phù hợp lắp các dòng CPU G, i3, i5 Coffe Lake của Intel.- Kích thước M-ATX nhỏ gọn."
MBAR252,"Mainboard ASROCK Z490 PRO 4 (Intel Z490, Socket 1200, ATX, 4 khe Ram DDR4)",24 tháng,4299000,3499000,img/MAIN/250_52442_asrock_z490_pro4.jpg,"- Chuẩn mainboard: ATX.- Socket: 1200, Chipset: Z490.- Hỗ trợ RAM: 4 khe DDR4 tối đa 128GB.- Lưu trữ: 2 x M.2 NVMe, 6 x SATA 3 6Gb/s.- Cổng xuất hình: 1 x HDMI, 1 x VGA."
MBMS379,"Mainboard MSI MAG B460 TOMAHAWK (Intel B460, Socket 1200, ATX, 4 khe RAM DDR4)",36 tháng,0,3599000,img/MAIN/250_52924_msi_b460_tomahawk_box2.jpg,- Kích thước: ATX.- Socket: LGA 1200.- Chipset: B460.- Khe RAM tối đa: 4.- Loại RAM hỗ trợ: DDR4.
MBAS589,"Mainboard ASUS PRIME H410M-D (Intel H410, Socket 1200, m-ATX, 2 khe Ram DDR4)",24 tháng,1759000,1799000,img/MAIN/250_52873_prime_h410m_d_1.png,
MBGI579,"Mainboard Gigabyte B550M-DS3H (AMD B550, Socket AM4, m-ATX, 4 khe RAM DDR4)",24 tháng,0,2799000,img/MAIN/250_53557_gigabyte_b550m_ds3h_1.jpg,- Kích thước: M-ATX.- Socket: AM4.- Chipset: B550.- Khe RAM tối đa: 4.- Loại RAM hỗ trợ: DDR4.
MBGI586,"Mainboard Gigabyte A520M-DS3H (AMD A520, Socket 1200, m-ATX, 4 khe RAM DDR4)",24 tháng,0,1899000,img/MAIN/250_55502_mainboard_gigabyte_a520m_ds3h_2.png,- Kích thước: mATX.- Socket: AM4.- Chipset: A520.- Khe RAM tối đa: 4.- Loại RAM hỗ trợ: DDR4.
MBAR232,"Mainboard ASROCK B365M Phantom Gaming 4 (Intel B365, Socket 1151, m-ATX, 4 khe RAM DDR4)",24 tháng,2499000,2049000,img/MAIN/250_45724_mainboard_asrock_b365m_phantom_gaming_4_0004_5.jpg,"- Hỗ trợ bộ xử lý Intel® Core ™ thế hệ thứ 9 và thứ 8 (Socket 1151).- Hỗ trợ DDR4 2666 MHz.- 2 PCIe 3.0 x16, 1 PCIe 3.0 x1, 1 M.2 Key E cho WiFi.- AMD Quad CrossFireX ™.- Tùy chọn đầu ra đồ họa: HDMI, Display Port."
MBGI493,"Mainboard GIGABYTE H310M-DS2 (Intel H310, Socket 1151, m-ATX, 2 khe RAM DDR4)",24 tháng,1659000,1599000,img/MAIN/250_41790_mainboard_gigabyte_h310m_ds2_0000_1.jpg,- Kích thước: ATX.- Socket: LGA 1151v2.- Chipset: H310.- Khe RAM tối đa: 2.- Loại RAM hỗ trợ: DDR4.
MBMS309,"Mainboard MSI B360M GAMING PLUS  (Intel B360, Socket 1151, m-ATX, 2 khe RAM DDR4)",24 tháng,2099000,2099000,img/MAIN/250_41849_mainboard_msi_b360m_gaming_plus_0002_3.jpg,- Kích thước: M-ATX.- Socket: 1151v2.- Chipset: B360.- Khe RAM tối đa: 2.- Loại RAM hỗ trợ: DDR4.
MBAR245,"Mainboard ASROCK B365M-ITX/ac (Intel B365, Socket 1151, Mini-ITX, 2 khe Ram DDR4)",24 tháng,3399000,3099000,img/MAIN/250_52470_mainboard_asrock_b365m_itxac_intel_b365_socket_1151_mini_itx_2_khe_ram_ddr4_0004_5.jpg,"- Chuẩn mainboard: Mini-ITX.- Socket: 1151, Chipset: B365.- Hỗ trợ RAM: 2 khe DDR4, tối đa 32GB.- Lưu trữ:  1 x M.2 NVMe, 4 x SATA 3 6Gb/s.- Cổng xuất hình: 1 x HDMI, 1 x DVI, 1 x Display Port."
MBAS561,"Mainboard ASUS ROG STRIX Z490-E GAMING (Intel Z490, Socket 1200, ATX, 4 khe RAM DDR4)",24 tháng,8199000,7199000,img/MAIN/250_52345_rog_strix_z490_e_gaming_01_01.jpg,"- Chuẩn mainboard: ATX.- Socket: 1200, Chipset: Z490.- Hỗ trợ RAM: 4 khe DDR4, tối đa 128GB.- Lưu trữ:  2 x M.2 NVMe, 6 x SATA 3 6Gb/s.- Cổng xuất hình: 1 x HDMI, 1 x DisplayPort."
MBMS377,"Mainboard MSI Z490-A PRO (Intel Z490, Socket 1200, ATX, 4 khe RAM DDR4)",24 tháng,4299000,3999000,img/MAIN/250_52510_msi_z490_a_pro.jpg,- Kích thước: ATX.- Socket: LGA 1200.- Chipset: Z490.- Khe RAM tối đa: 4.- Loại RAM hỗ trợ: DDR4.
MBMS383,"Mainboard MSI B460M PRO-VDH WIFI (Intel B460, Socket 1200, m-ATX, 4 khe RAM DDR4)",36 tháng,0,2499000,img/MAIN/250_52928_msi_b460m_pro_vdh_wifi.jpg,- Kích thước: M-ATX.- Socket: LGA 1200.- Chipset: B460.- Khe RAM tối đa: 4.- Loại RAM hỗ trợ: DDR4.
MBGI572,"Mainboard Gigabyte H410M-S2H (Intel H410, Socket 1200, m-ATX, 2 khe Ram DDR4)",36 tháng,0,1799000,img/MAIN/250_53231_gigabyte_h410m_s2h.jpg,- Kích thước: Micro-ATX.- Socket: LGA 1200.- Chipset: H410.- Khe RAM tối đa: 2.- Loại RAM hỗ trợ: DDR4.
MBGI506,"Mainboard GIGABYTE B450 AORUS PRO (AMD B450, Socket AM4, ATX, 4 khe RAM DDR4) ",24 tháng,3199000,3099000,img/MAIN/250_43782_mainboard_gigabyte_b450_aorus_pro_0000_1.jpg,- Kích thước: ATX.- Socket: AM4.- Chipset: B450.- Khe RAM tối đa: 4.- Loại RAM hỗ trợ: DDR4.
MBGI541,Mainboard Gigabyte C246M-WU4,24 tháng,4350000,3999000,img/MAIN/250_48887_mainboard_gigabyte_c246m_wu4_1.png,- Hỗ trợ Bộ xử lý Intel® Xeon® E và Bộ xử lý Intel® Core ™ / Pentium® / Celeron® thứ 9/8 của LGA1151.- Hỗ trợ bộ nhớ không đệm của DDR4 ECC và không ECC.- 2 khe cắm PCIe x16 và 2 khe cắm PCIe x1.- Máy chủ Intel® GbE LAN kép hỗ trợ Công nghệ Intel® vPro.- Dung lượng lưu trữ lớn: 8 cổng SATA3.
MBMS337,"Mainboard MSI MAG Z390 TOMAHAWK  (Intel Z390, Socket 1151, ATX, 4 khe RAM DDR4)",24 tháng,4499000,4399000,img/MAIN/250_44162_mainboard_msi_mag_z390_tomahawk_0001_2.jpg,"- Hỗ trợ CPU Intel® Core™ thế hệ thứ 9/ 8/ Pentium® Gold/ Celeron® sử dụng socket LGA 1151.- Hỗ trợ DDR4 tốc độ 4400(OC) MHz.- Gắn sẵn chắn I/O: Thuận tiện cho việc lắp đặt. Tản nhiệt kéo dài giúp CPU hoạt động ở tốc độ cao..- Hỗ trợ 2 cổng Intel LAN. Tích hợp sẵn công nghệ Intel CNVi..- Hỗ trợ cổng kết nối: 2x TURBO M.2, Intel Optane Memory Ready. M.2 Shield Frozr, Intel Turbo USB 3.1 GEN2."
MBMS361,"Mainboard MSI B450M MORTAR MAX (AMD B450, Socket AM4, m-ATX, 4 khe RAM DDR4) ",24 tháng,0,2399000,img/MAIN/250_49676_mainboard_msi_b450m_mortar_max_0000_1.jpg,"- Hỗ trợ AMD Ryzen ™ / Ryzen ™ thế hệ 1, 2 và 3 với Đồ họa Radeon ™ Vega và AMD Ryzen ™ thế hệ 2 với Đồ họa Radeon ™ / Athlon ™ với Bộ xử lý đồ họa Radeon ™ Vega socket AM4.- Hỗ trợ bộ nhớ DDR4, lên đến 4133 (OC) MHz.- Thiết kế tản nhiệt mở rộng: Bộ tản nhiệt PWM mở rộng và thiết kế mạch nâng cao đảm bảo ngay cả các bộ xử lý cao cấp cũng chạy ở tốc độ tối đa..- Trải nghiệm trò chơi Lightning Fast: 1x TURBO M.2, AMD Turbo USB 3.2 GEN2, lưu trữ công nghệ MI.- Core Boost: Với thiết kế cao cấp và thiết kế nguồn điện kỹ thuật số để hỗ trợ nhiều lõi hơn và cung cấp hiệu suất tốt hơn.."
MBAS562,"Mainboard ASUS ROG STRIX Z490-F GAMING (Intel Z490, Socket 1200, ATX, 4 khe RAM DDR4)",24 tháng,7199000,6299000,img/MAIN/250_52346_rog_strix_z490_f_01_02.jpg,"- Chuẩn mainboard: ATX.- Socket: 1200, Chipset: Z490.- Hỗ trợ RAM: 4 khe DDR4, tối đa 128GB.- Lưu trữ:  2 x M.2 NVMe, 6 x SATA 3 6Gb/s.- Cổng xuất hình: 1 x HDMI, 1 x DisplayPort."
MBMS372,"Mainboard MSI MPG Z490 GAMING CARBON WIFI (Intel Z490, Socket 1200, ATX, 4 khe RAM DDR4)",24 tháng,7499000,7199000,img/MAIN/250_52309_mainboard_msi_mpg_z490_gaming_carbon_wifi_intel_z490_socket_1200_atx_4_khe_ram_ddr4_0002_3.jpg,"- Chuẩn mainboard: ATX.- Socket: 1200, Chipset: Z490.- Hỗ trợ RAM: 4 khe DDR4, tối đa 128GB.- Lưu trữ:  2 x M.2 NVMe, 6 x SATA 3 6Gb/s.- Cổng xuất hình: 1 x HDMI, 1 x Display Port."
MBAS586,"Mainboard ASUS PRIME B460M-K (Intel B460, Socket 1200, m-ATX, 2 khe Ram DDR4)",24 tháng,2090000,1959000,img/MAIN/250_52870_prime_b460m_k_01_01.jpg,- Kích thước: M-ATX.- Socket: LGA1200.- Chipset: B460.- Khe RAM tối đa: 2.- Loại RAM hỗ trợ: DDR4.
MBMS384,"Mainboard MSI B460M PRO (Intel B460, Socket 1200, m-ATX, 2 khe RAM DDR4)",36 tháng,2299000,2049000,img/MAIN/250_52929_msi_b460m_pro.jpg,- Kích thước: M-ATX.- Socket: LGA 1200.- Chipset: B460.- Khe RAM tối đa: 2.- Loại RAM hỗ trợ: DDR4.
MBAR274,"Mainboard ASROCK B550 TAICHI (AMD B550, Socket AM4, ATX, 4 khe RAM DDR4)",24 tháng,0,7999000,img/MAIN/250_53494_b550_taichi_l1_.jpg,- Kích thước: ATX.- Socket: AM4.- Chipset: B550.- Khe RAM tối đa: 4.- Loại RAM hỗ trợ: DDR4.
MBGI584,"Mainboard Gigabyte B550I AORUS PRO AX (AMD B550, Socket AM4, Mini-ITX, 2 khe RAM DRR4)",24 tháng,0,4999000,img/MAIN/250_54999_b550i_aorus_pro_ax.jpg,- Kích thước: Mini-ITX.- Socket: AM4.- Chipset: B550.- Khe RAM tối đa: 2.- Loại RAM hỗ trợ: DDR4.
MBGI507,"Mainboard GIGABYTE B450 AORUS - M (AMD B450, Socket AM4, m-ATX, 4 khe RAM DDR4) ",24 tháng,2499000,2399000,img/MAIN/250_43969_mainboard_gigabyte_b450_aorus_m_0001_2.jpg,"- GIGABYTE B450 AORUS M.- - Socket: AM4 AMD Ryzen thế hệ 1 và 2, AMD Ryzen với Radeon Vega Graphics.- - Kích thước: m-ATX.- - Khe cắm RAM: 4 khe (Tối đa 64GB DDR4 3200(O.C.)/2933/2667/2400/2133 MHz).- - Khe cắm mở rộng: 2 x PCI Express x16, 1 x PCI Express x1."
MBAS490,Mainboard Asus WS C246 PRO,24 tháng,6399000,5499000,img/MAIN/250_43205_mainboard_asus_wsc246_pro_0004_5.jpg,- Kích thước: ATX .- Socket: LGA 1151.- Chipset: C246.- Khe RAM tối đa: 4.- Bus RAM hỗ trợ: 2666/2400 /2133 Mhz.
MBAS571,"Mainboard ASUS PRIME Z490-P (Intel Z490, Socket 1200, ATX, 4 khe RAM DDR4)",24 tháng,4279000,3899000,img/MAIN/250_52355_prime_z490_p_01.jpg,"- Chuẩn mainboard: ATX.- Socket: 1200, Chipset: Z490.- Hỗ trợ RAM: 4 khe DDR4, tối đa 128GB.- Lưu trữ:  2 x M.2 NVMe, 4 x SATA 3 6Gb/s.- Cổng xuất hình: 1 x HDMI, 1 x Display Port."
MBAS587,"Mainboard ASUS EX-B460M-V5 (Intel B460, Socket 1200, m-ATX, 2 khe Ram DDR4)",24 tháng,2149000,1999000,img/MAIN/250_52871_ex_b460m_v5_01_01.jpg,- Kích thước: M-ATX.- Socket: LGA1200.- Chipset: B460.- Khe RAM tối đa: 2.- Loại RAM hỗ trợ: DDR4.
MBMS394,"Mainboard MSI H410M PRO (Intel H410, Socket 1200, m-ATX, 2 khe RAM DDR4)",24 tháng,1899000,1759000,img/MAIN/250_53732_msi_h410m_pro.jpg,- Bo mạch chủ phổ thông của MSI.- Sử dụng chipset H410.- Socket LGA 1200.- Số khe ram: 2.
MBAR275,"Mainboard ASROCK B550 EXTREME 4 (AMD B550, Socket AM4, ATX, 4 khe RAM DDR4)",24 tháng,0,4899000,img/MAIN/250_53495_b550_extreme4_l1_.jpg,- Kích thước: ATX.- Socket: AM4.- Chipset: B550.- Khe RAM tối đa: 4.- Loại RAM hỗ trợ: DDR4.
MBMS397,"Mainboard MSI B550-A PRO (AMD B550, Socket AM4, ATX, 4 khe RAM DRR4)",24 tháng,0,3699000,img/MAIN/250_55006_mainboard_msi_b550_a_pro_4.png,- Kích thước: ATX.- Socket: AM4.- Chipset: B550.- Khe RAM tối đa: 4.- Loại RAM hỗ trợ: DDR4.
MBAS576,"Mainboard ASUS TUF B450-PRO GAMING (AMD B450, Socket AM4, ATX, 4 khe RAM DDR4)",24 tháng,2599000,2399000,img/MAIN/250_52653_asus_tuf_b450_pro_gaming.jpg,- Kích thước: ATX.- Socket: AM4.- Chipset: B450.- Khe RAM tối đa: 4.- Loại RAM hỗ trợ: DDR4.
MBGI563,"Mainboard Gigabyte Z490 AORUS XTREME (Intel Z490, Socket 1200, E-ATX, 4 khe RAM DDR4)",24 tháng,20999000,19599000,img/MAIN/250_52375_hnc_z490_aorus_xtreme.jpg,"- Chuẩn mainboard: E-ATX.- Socket: LGA 1200 .- Chipset: Z490.- Hỗ trợ RAM: 4 khe DDR4, tối đa 128GB.- Lưu trữ:  2 x M.2 NVMe, 6 x SATA 3 6Gb/s."
MBGI561,"Mainboard GIGABYTE Z490 GAMING X (Intel Z490, Socket 1200, ATX, 4 khe RAM DDR4)",24 tháng,4999000,4699000,img/MAIN/250_52305_z490_gaming_x.jpg,"- Chuẩn mainboard: ATX.- Socket: 1200, Chipset: Z490.- Hỗ trợ RAM: 4 khe DDR4, tối đa 128GB.- Lưu trữ:  2 x M.2 NVMe, 6 x SATA 3 6Gb/s.- Cổng xuất hình: 1 x HDMI."
MBAR253,"Mainboard ASROCK Z490 PHANTOM GAMING 4 (Intel Z490, Socket 1200, ATX, 4 khe Ram DDR4)",24 tháng,3499000,3099000,img/MAIN/250_52443_mainboard_asrock_z490_phantom_gaming_4_intel_z490_socket_1200_atx_4_khe_ram_ddr4_0004_5.jpg,"- Chuẩn mainboard: ATX.- Socket: 1200, Chipset: Z490.- Hỗ trợ RAM: 4 khe DDR4, tối đa 128GB.- Lưu trữ: 1 x M.2 NVMe, 6 x SATA 3 6Gb/s.- Cổng xuất hình: 1 x HDMI."
MBAS582,"Mainboard ASUS TUF GAMING B460-PLUS (Intel B460, Socket 1200, ATX, 4 khe Ram DDR4)",24 tháng,2859000,2699000,img/MAIN/250_52866_tuf_gaming_b460_plus_0100.jpg,- Kích thước: ATX.- Socket: LGA1200.- Chipset: B460.- Khe RAM tối đa: 4.- Loại RAM hỗ trợ: DDR4.
MBMS380,"Mainboard MSI MAG B460M MORTAR WIFI (Intel B460, Socket 1200, m-ATX, 4 khe RAM DDR4)",36 tháng,0,3199000,img/MAIN/250_52925_msi_mag_b460m_mortar_wifi.jpg,- Kích thước: M-ATX.- Socket: LGA 1200.- Chipset: Z390.- Khe RAM tối đa: 4.- Loại RAM hỗ trợ: DDR4.
MBAS590,"Mainboard ASUS PRIME H410M-E (Intel H410, Socket 1200, m-ATX, 2 khe Ram DDR4)",24 tháng,1899000,1829000,img/MAIN/250_52874_prime_h410m_e_1.png,- Kích thước: M-ATX.- Socket: LGA 1200.- Chipset: H410.- Khe RAM tối đa: 2.- Loại RAM hỗ trợ: DDR4.
MBAR233,"Mainboard ASROCK B365 Phantom Gaming 4 (Intel B365, Socket 1151, ATX, 4 khe RAM DDR4)",24 tháng,2799000,2399000,img/MAIN/250_45725_mainboard_asrock_b365_phantom_gaming_4_0004_5.jpg,"- Socket: 1151 hỗ trợ CPU intel thế hệ 8 và thế hệ 9.- Kích thước: ATX.- Khe cắm RAM: 4 khe (Tối đa 64GB).- Khe cắm mở rộng: 2 x PCI Express 3.0 x16 Slots, 2 x PCI Express 3.0 x1,.- Khe cắm ổ cứng: 6 x SATA3 6.0, 1 x Ultra M.2 Socket (M2_1), 1 x Ultra M.2 Socket (M2_2)."
MBAS439,"Mainboard ASUS PRIME A320M-K (AMD A320, Socket AM4, ATX, 2 khe RAM DDR4)",24 tháng,1499000,1299000,img/MAIN/250_37407_prime_a320m_k_2d.png,- Bo mạch chủ socket AM4.- Chipset A320.- Kích thước M-ATX.- Số khe ram: 2.
MBAS468,"Mainboard ASUS PRIME H310M-D (Intel H310, Socket 1151, m-ATX, 2 khe RAM DDR4)",24 tháng,1799000,1759000,img/MAIN/250_41779_mainboard_asus_prime_h310m_d_0000_1.jpg,"- CPU	Intel® Socket 1151 for 8th Generation Core™ i7/Core™ i5/Core™ i3/Pentium®/Celeron® Bộ vi xử lý .- Hỗ trợ Intel® 14 nm CPU.- Chipset	- Intel® H310.- Bộ nhớ	2 x DIMM, Max. 32GB, DDR4 2666/2400/2133 MHz Không ECC, Không Đệm Bộ nhớ .- Kiến trúc bộ nhớ Kênh đôi."
MBGI536,"Mainboard GIGABYTE B365M AORUS ELITE (Intel B365, Socket 1151, m-ATX, 4 khe RAM DDR4)",24 tháng,2399000,2249000,img/MAIN/250_48473_mainboard_gigabyte_b365m_aorus_elite_0000_1.jpg,"- Chuẩn mainboard: Micro-ATX.- Socket: 1151 , Chipset: B365.- Hỗ trợ RAM: 4 khe DDR4, tối đa 64GB.- Lưu trữ: 6 x SATA 3 6Gb/s, Hỗ trợ Intel Optane, 1 x M.2 NVMe, 1 x M.2 SATA/NVMe.- Cổng xuất hình: 1 x HDMI, 1 x DVI-D, 1 x DisplayPort."
MBMS327,"Mainboard MSI B450M BAZOOKA PLUS (AMD B450, Socket AM4, m-ATX, 4 khe RAM DDR4) ",24 tháng,0,2099000,img/MAIN/250_43291_mainboard_msi_b450_bazooka_plus_0000_1.jpg,- Kích thước: M-ATX.- Socket: AM4.- Chipset: B450.- Khe RAM tối đa: 4.- Loại RAM hỗ trợ: DDR4.
MBGI494,Mainboard Gigabyte B360M-D2V,24 tháng,0,1799000,img/MAIN/250_41791_mainboard_gigabyte_b360m_d2v_0003_4.jpg,- CPU	1.	Support for 8th Generation Intel® Core™ i7 processors/Intel® Core™ i5 processors/Intel® Core™ i3 processors/Intel® Pentium® processors/ Intel® Celeron® processors in the LGA1151 package.- 2.	L3 cache varies with CPU.- Chipset	Intel® B360 Express Chipset.- Bộ nhớ	1.	2 x DDR4 DIMM sockets supporting up to 32 GB of system memory.- 2.	Dual channel memory architecture.
MBAR281,"Mainboard ASROCK B450M STEEL LEGEND (Pink Edition)  (AMD B450, Socket AM4, ATX, 4 khe RAM DDR4)",24 tháng,0,2399000,img/MAIN/250_55790_mainboard_asrock_b450m_steel_legend_pink_edition_atx_4_khe_ram_ddr4_4.png,- Chipset: AMD B450.- Socket: AM4.- Hỗ trợ CPU: Supports AMD Socket AM4.- Cạc đồ họa: VGA onboard.- Kích thước: mATX.
MBGI562,"Mainboard GIGABYTE Z490 UD (Intel Z490, Socket 1200, ATX, 4 khe RAM DDR4)",24 tháng,4299000,3999000,img/MAIN/250_52306_gigabyte_z490_ud.jpg,"- Chuẩn mainboard: ATX.- Socket: 1200, Chipset: Z490.- Hỗ trợ RAM: 4 khe DDR4, tối đa 128GB.- Lưu trữ: 2 x M.2 NVMe, 6 x SATA 3 6Gb/s.- Cổng xuất hình: 1 x HDMI."
MBAS583,"Mainboard ASUS TUF GAMING B460M-PLUS (WIFI) (Intel B460, Socket 1200, m-ATX, 4 khe Ram DDR4)",24 tháng,3099000,2999000,img/MAIN/250_52867_tuf_b460m_plus_wifi_100.jpg,- Kích thước: M-ATX.- Socket: LGA1200.- Chipset: B460.- Khe RAM tối đa: 4.- Loại RAM hỗ trợ: DDR4.
MBMS381,"Mainboard MSI MAG B460M MORTAR (Intel B460, Socket 1200, m-ATX, 4 khe RAM DDR4)",36 tháng,0,2799000,img/MAIN/250_52926_msi_mag_b460m_mortar.jpg,- Kích thước: M-ATX.- Socket: LGA 1200.- Chipset: B460.- Khe RAM tối đa: 4.- Loại RAM hỗ trợ: DDR4.
MBAS591,"Mainboard ASUS PRIME H410M-K (Intel H410, Socket 1200, m-ATX, 2 khe Ram DDR4)",24 tháng,1719000,1659000,img/MAIN/250_52875_prime_h410m_k_1.png,- Kích thước: M-ATX.- Socket: LGA 1200.- Chipset: H410.- Khe RAM tối đa: 2.- Loại RAM hỗ trợ: DDR4.
MBMS386,"Mainboard MSI MAG B550 TOMAHAWK (AMD B550, Socket AM4, ATX, 4 khe RAM DDR4)",24 tháng,0,5199000,img/MAIN/250_53456_msi_mag_b550_tomahawk.jpg,- Kích thước: ATX.- Socket: AM4.- Chipset: B550.- Khe RAM tối đa: 4.- Loại RAM hỗ trợ: DDR4.
MBAR234,"Mainboard ASROCK B450M PRO 4-F (AMD B450M, Socket AM4, m-ATX, 4 khe RAM DDR4)",24 tháng,1899000,1699000,img/MAIN/250_46021_mainboard_asrock_b450m_pro_4_f_0004_5.jpg,"- Socket: AMD AM4.- Kích thước: m-ATX.- Khe cắm RAM: 4 khe (Tối đa 64GB).- Khe cắm mở rộng: PCI Express 3.0, PCI Express 2.0.- Khe cắm ổ cứng: 4 x SATA3 6.0 Gb/s/ 1 x Ultra M.2 Socket/ 1 x M.2 Socket."
MBGI538,"Mainboard GIGABYTE X570 - UD (AMD X570, Socket AM4, ATX, 4 khe RAM DDR4) ",24 tháng,4599000,4099000,img/MAIN/250_48475_mainboard_gigabyte_x570_ud_0000_1.jpg,"- Hỗ trợ AMD thế hệ thứ 3 Ryzen ™ / Thế hệ thứ hai Ryzen ™ / Thế hệ thứ hai Ryzen ™ với Radeon ™ Vega Graphics / Ryzen ™ với Bộ xử lý đồ họa Radeon ™ Vega.- Kênh đôi không có ECC không có bộ đệm DDR4, 4 DIMM.- Giải pháp VRM kỹ thuật số 10 + 2 pha.- Cổng NVMe PCIe 4.0 / 3.0 x4 M.2 cực nhanh.- Tụ âm thanh chất lượng cao và bảo vệ chống ồn âm thanh cho chất lượng âm thanh tuyệt đỉnh."
MBAS555,"Mainboard ASUS H310M PRIME H310M-CS R2.0 (Intel H310 , Socket 1151, m-ATX, 2 khe RAM DDR4)",24 tháng,1699000,1599000,img/MAIN/250_51349_h310m_cs_r2_1.png,"- Chuẩn mainboard: Micro-ATX.- Socket: LGA 1151-v2 , Chipset: H310.- Hỗ trợ RAM: DDR4 , tối đa 32GB.- Cổng cắm lưu trữ: 4 x SATA 3 6Gb/s.- Cổng xuất hình: 1 x VGA/D-sub."
MBSM002,Mainboard Supermicro MBD-X10DAL-I-O,36 tháng,0,8699000,img/MAIN/250_53217_mbd_x10dal_i_o.jpg,- Kích thước: 30.48cm x 25.4cm.- Socket: LGA 2011.- Chipset: C612.- Khe RAM tối đa: 8.- Loại RAM hỗ trợ: DDR4.
MBAS584,"Mainboard ASUS TUF GAMING B460M-PLUS (Intel B460, Socket 1200, m-ATX, 4 khe Ram DDR4)",24 tháng,2749000,2599000,img/MAIN/250_52868_tuf_b460m_plus_0100.jpg,- Kích thước: M-ATX.- Socket: LGA1200.- Chipset: B460.- Khe RAM tối đa: 4.- Loại RAM hỗ trợ: DDR4.
MBMS382,"Mainboard MSI MAG B460M BAZOOKA (Intel B460, Socket 1200, m-ATX, 4 khe RAM DDR4)",36 tháng,0,2599000,img/MAIN/250_52927_msi_mag_b460m_bazooka.jpg,- Kích thước: ATX.- Socket: LGA 1200.- Chipset: B460.- Khe RAM tối đa: 4.- Loại RAM hỗ trợ: DDR4.
MBAS454,Mainboard ASUS ROG STRIX Z370-I GAMING,24 tháng,0,5990000,img/MAIN/250_39744_81v96sfvu2l__sl1500_.jpg,- Kích thước: ITX.- Socket: LGA 1151v2.- Chipset: Z370.- Khe RAM tối đa: 2.- Loại RAM hỗ trợ: DDR4.
MBGI539,"Mainboard GIGABYTE X570 AORUS MASTER (AMD X570, Socket AM4, ATX, 4 khe RAM DDR4) ",24 tháng,0,10499000,img/MAIN/250_48476_mainboard_gigabyte_x570_aorus_master_0000_1.jpg,- Hỗ trợ AMD thế hệ thứ 3 Ryzen ™ / Thế hệ thứ hai Ryzen ™ / Thế hệ thứ hai Ryzen ™ với Radeon ™ Vega Graphics / Ryzen ™ với Bộ xử lý đồ họa Radeon ™ Vega.- Hỗ trợ RAM ECC / Non-ECC không có bộ đệm.- 14 phase điện PowIRstage.- Thiết kế tản nhiệt tiên tiến với tản nhiệt Fins-Array và Heat Touch trực tiếp.- 3 khe NVMe PCIe 4.0 / 3.0 x4 M.2 siêu nhanh với 3 mineesg tản nhiệt.
MBMS353,"Mainboard MSI MPG X570 GAMING PLUS (AMD X570, Socket AM4, ATX, 4 khe RAM DDR4) ",24 tháng,0,4799000,img/MAIN/250_47519_mainboard_msi_mpg_x570_gaming_plus_0000_1.jpg,"- Socket: AM4 hỗ trợ CPU RYZEN 9.- Kích thước: ATX.- Khe cắm RAM: 4 khe (Tối đa 128GB).- Khe cắm mở rộng: 1 x PCI-E X16,1 x PCI-E X4,3 x PCI-E X1.- Khe cắm ổ cứng: 6 x SATAIII, 2 x M.2 SLOT."
MBAS546,"Mainboad ASUS PRIME X299 EDITION 30 (Intel X299, Socket 2066, ATX, 8 khe RAM DDR4)",24 tháng,0,16899000,img/MAIN/250_49685_mainboad_asus_prime_x299_edition_30_0001_2.jpg,"- Socket Intel LGA 2066: Sẵn sàng cho bộ xử lý Intel® Core ™ X-series mới nhất.- Ép xung AI: Tối ưu hóa nhanh chóng hiệu suất CPU của bạn dựa trên CPU và bộ làm mát, đạt được kết quả cực kỳ gần với điều chỉnh thủ công của các chuyên gia.- Thiết kế công suất mạnh mẽ: 16 phase nguồn IR3555, đầu nối ProCool II, cuộn hợp kim và tụ điện 10K do Nhật Bản sản xuất để cung cấp năng lượng ổn định.- Thiết kế nhiệt toàn diện: Tản nhiệt vây, tản nhiệt chủ động, tản nhiệt M.2, thiết kế 2Oz-PCB và tấm ốp lưng..- Kết nối thế hệ tiếp theo: Hai Type-C ™ Thunderbolt 3 với DisplayPort 1.4, ba M.2 và đầu nối USB 3.1 Gen 2 phía trước."
MBAS514,Mainboard ASUS PRIME X399-A,24 tháng,0,9499000,img/MAIN/250_44895_mainboard_asus_prime_x399_a_0003_4.jpg,"- Ready for Ryzen™: Latest AMD socketTR4 for Threadripper™ processors..- 5-Way Optimization: One-click, system-wide tuning, delivering optimized overclocks and intelligent cooling for CPU or GPU-intensive tasks..- Industry-leading cooling options: Comprehensive controls for fans and water pumps, via Fan Xpert 4 software or the acclaimed ASUS UEFI.."
MBMS348,"Mainboard MSI MEG X570 GODLIKE (AMD X570, Socket AM4, E-ATX, 4 khe RAM DDR4) ",24 tháng,0,21999000,img/MAIN/250_47514_mainboard_msi_meg_x570_godlike_0003_4.jpg,- Kích thước: E-ATX.- Socket: AM4.- Chipset: X570.- Khe RAM tối đa: 4.- Loại RAM hỗ trợ: DDR4.
MBGI540,"Mainboard GIGABYTE AORUS XTREME (AMD X570, Socket AM4, ATX, 4 khe RAM DDR4) ",24 tháng,0,19399000,img/MAIN/250_48477_mainboard_gigabyte_x570_aorus_xtreme_0000_1.jpg,"- Hỗ trợ AMD thế hệ thứ 3 Ryzen ™ / Thế hệ thứ hai Ryzen ™ / Thế hệ thứ hai Ryzen ™ với Radeon ™ Vega Graphics / Ryzen ™ với Bộ xử lý đồ họa Radeon ™ Vega.- Kênh đôi ECC / Non-ECC không có bộ đệm DDR4, 4 DIMM.- Giải pháp trực tiếp 16 pha Infineon Digital VRM với 70A.- Thiết kế áo giáp phản ứng nhiệt với tản nhiệt Fins-Array, tấm cảm ứng trực tiếp Heatpipe và tấm đế NanoCarbon.- Bộ ba NVMe PCIe 4.0 / 3.0 x4 M.2 siêu nhanh với bộ ba bảo vệ nhiệt."
MBAS604,"Mainboard ASUS Pro WS C621-64L SAGE (Intel C621, Socket 3647, CEB, 12 khe RAM DDR4)",24 tháng,0,16599000,img/MAIN/250_53944_asus_pro_ws_c621_64l_sage_001.jpg,"- Bo mạch chủ dành cho máy trạm socket 3647 hỗ trợ tới 4GPU, 12 khe RAM DDR4, 10 SATA, M.2, USB 3.2 Gen 2 và ASUS Control Center."
MBSM008,Mainboard Supermicro MBD-X11SCL-F-O,36 tháng,0,5999000,img/MAIN/250_53223_x11scl_ln4f_front_0.jpg,- Kích thước: M-ATX.- Socket: LGA 1151v2.- Chipset: C242.- Khe RAM tối đa: 4.- Loại RAM hỗ trợ: DDR4.
MBAS575,"Mainboard ASUS ROG MAXIMUS XII FORMULA (Intel Z490, Socket 1200, ATX, 4 khe RAM DDR4)",24 tháng,0,13199000,img/MAIN/250_52512_rog_maximus_xii_formula_01.jpg,"- Chuẩn mainboard: ATX.- Socket: 1200 , Chipset: Z490.- Hỗ trợ RAM: 4 khe DDR4, tối đa 128GB.- Lưu trữ: 1 x M.2 SATA/NVMe, 2 x M.2 NVMe, 6 x SATA 3 6Gb/s."
MBGI553,"Mainboard GIGABYTE Z490 AORUS XTREME WATERFORCE (Intel Z490, Socket 1200, E-ATX, 4 khe RAM DDR4)",24 tháng,0,29889000,img/MAIN/250_52297_z490_aorus_xtreme_waterforce.jpg,- Kích thước: E-ATX.- Socket: LGA 1200.- Chipset: Z490.- Khe RAM tối đa: 4.- Loại RAM hỗ trợ: DDR4.
MBAR271,"Mainboard ASROCK B460 PRO4 (Intel B460, Socket 1200, ATX, 4 khe Ram DDR4)",24 tháng,0,2799000,img/MAIN/250_52878_asrock_b460_pro4_l1.jpg,- Kích thước: ATX.- Socket: LGA 1200.- Chipset: B460.- Khe RAM tối đa: 4.- Loại RAM hỗ trợ: DDR4.
MBAR262,"Mainboard ASROCK H410M-HDV/M.2 (Intel H410, Socket 1200, m-ATX, 2 khe Ram DDR4)",24 tháng,0,1799000,img/MAIN/250_52452_mainboard_asrock_h410m_hdvm_2_intel_h410_socket_1200_m_atx_2_khe_ram_ddr4_0004_5.jpg,"- Chuẩn mainboard: m-ATX.- Socket: 1200, Chipset: H410.- Hỗ trợ RAM: 2 khe DDR4, tối đa 64GB.- Lưu trữ: 1 x M.2 NVMe, 4 x SATA 3 6Gb/s.- Cổng xuất hình: 1 x HDMI, 1 x DVI, 1 x VGA."
MBAS594,"Mainboard ASUS ROG STRIX B550-F GAMING (AMD B550, Socket AM4, ATX, 4 khe RAM DRR4)",36 tháng,0,5199000,img/MAIN/250_53322_rog_strix_b550_f_gaming_001.jpg,- Kích thước: ATX.- Socket: AM4.- Chipset: B550.- Khe RAM tối đa: 4.- Loại RAM hỗ trợ: DDR4.
MBAR224,"Mainboard ASROCK Z390 Gaming 6 (Intel Z390, Socket 1151, ATX,4 khe RAM DDR4)",24 tháng,0,4999000,img/MAIN/250_44251_mainboard_asrock_z390_gaming_6_0004_5.jpg,"- Hỗ trợ bộ xử lý Intel® Core ™ thế hệ thứ 9 và thứ 8 (Socket 1151).- Phantom Gaming 2.5 Gigabit LAN, Intel® Gigabit LAN.- PWM kỹ thuật số, 12 pha điện.- Hỗ trợ DDR4 4300+ (OC) MHz.- 3 PCIe 3.0 x16, 3 PCIe 3.0 x1, 1 M.2 (Key E) cho WiFi."
MBAR242,"Mainboard ASROCK B450 STEEL LEGEND (AMD B450, Socket AM4, ATX, 4 khe RAM DDR4)",24 tháng,2799000,2399000,img/MAIN/250_48710_mainboard_asrock_b450_steel_legend_0004_5.jpg,"- AMD AM4 Socket.- Hỗ trợ DDR4 3533+ (OC).- 2 PCIe 3.0 x16, 4 PCIe 2.0 x1.- AMD Quad CrossFireX™.- Cổng xuất hình: DisplayPort, HDMI."
MBMS354,"Mainboard MSI X570-A PRO  (AMD X570, Socket AM4, E-ATX, 4 khe RAM DDR4) ",24 tháng,0,4499000,img/MAIN/250_47520_mainboard_msi_x570_a_pro_0000_1.jpg,"- Socket: AM4 hỗ trợ CPU RYZEN 9.- Kích thước: ATX.- Khe cắm RAM: 4 khe (Tối đa 128GB).- Khe cắm mở rộng: 1 x PCI-E X16,1 x PCI-E X4,3 x PCI-E X1.- Khe cắm ổ cứng: 6 x SATAIII, 2 x M.2 SLO."
MBAS491,Mainboard Asus WS C246M PRO,24 tháng,5990000,5399000,img/MAIN/250_43206_mainboard_asus_wsc246m_pro_0002_3.jpg,"- Thiết kế nhỏ gọn, hiệu năng cao.- Hỗ trợ CPU dòng Intel Xeon E2100 series.- 4 khe ram, hỗ trợ DDR4 ECC UDIMM / 2133 / 2400 / 2600 dung lượng tối đa lên tới 64GB."
MBMS347,"Mainboard MSI MPG Z390M GAMING EDGE AC (Intel Z390, Socket 1151, ATX, 4 khe RAM DDR4)",24 tháng,0,5099000,img/MAIN/250_47050_mainboard_msi_mpg_z390m_gaming_edge_ac_0000_1.jpg,"- Chuẩn mainboard: ATX.- Socket: LGA 1151-v2 , Chipset: Z390.- Hỗ trợ RAM: DDR4 , tối đa 64GB.- Cổng cắm lưu trữ: 2 x M.2 SATA/NVMe; 6 x SATA 3 6Gb/s; Hỗ trợ Intel Optane.- Cổng xuất hình: 1 x DisplayPort; 1 x HDMI."
MBGI537,"Mainboard GIGABYTE B365M - DS3H (Intel B365, Socket 1151, m-ATX, 4 khe RAM DDR4)",24 tháng,0,2049000,img/MAIN/250_48474_mainboard_gigabyte_b365m_ds3h_0001_2.jpg,"- Chuẩn mainboard: Micro-ATX.- Socket: LGA 1151-v2 , Chipset: B365.- Hỗ trợ RAM: DDR4 , tối đa 64GB.- Cổng cắm lưu trữ: 1 x M.2 SATA/NVMe; 6 x SATA 3 6Gb/s; Hỗ trợ Intel Optane.- Cổng xuất hình: 1 x DVI-D; 1 x HDMI; 1 x VGA/D-sub."
MBAS603,"Mainboard ASUS PRO WS W480 ACE (Intel W480, Socket 1200, ATX, 4 khe RAM DDR4)",24 tháng,7999000,7499000,img/MAIN/250_53943_asus_pro_ws480_ace.jpg,
MBSM009,Mainboard Supermicro MBD-X11SCL-LN4F-O,36 tháng,0,6999000,img/MAIN/250_53224_x11scl_ln4f_front_0.jpg,- Kích thước: M-ATX.- Socket: LGA 1151v2.- Chipset: C242.- Khe RAM tối đa: 4.- Loại RAM hỗ trợ: DDR4.
MBAR263,"Mainboard ASROCK H410M/ac (Intel H410, Socket 1200, m-ATX, 2 khe Ram DDR4)",24 tháng,0,0,img/MAIN/250_52453_mainboard_asrock_h410mac_intel_h410_socket_1200_m_atx_2_khe_ram_ddr4_0004_5.jpg,"- Chuẩn mainboard: m-ATX.- Socket: 1200, Chipset: H410.- Hỗ trợ RAM: 2 khe DDR4, tối đa 64GB.- Lưu trữ: 1 x M.2 NVMe, 4 x SATA 3 6Gb/s.- Cổng xuất hình: 1 x HDMI."
MBAR279,"Mainboard ASROCK B550M HDV (AMD B550, Socket AM4, m-ATX, 2 khe RAM DDR4)",24 tháng,0,2099000,img/MAIN/250_53499_b550m_hdv_l1_.jpg,- Kích thước: M-ATX.- Socket: AM4.- Chipset: B550.- Khe RAM tối đa: 2.- Loại RAM hỗ trợ: DDR4.
MBAR243,"Mainboard ASROCK X570 Aqua (AMD x570, Socket AM4, E-ATX, 4 khe RAM DDR4)",24 tháng,0,21999000,img/MAIN/250_48764_mainboard_asrock_x570_aqua_0004_5.jpg,"- Hỗ trợ AMD Ryzen™ 2000 và 3000 .- Hỗ trợ DDR4 5200+ (OC).- Intel® Wi-Fi 6 802.11ax (2.4Gbps) + BT 5.0.- AQUANTIA® 10G LAN, Intel® Gigabit LAN.- 3 PCIe 4.0 x16, 3 PCIe 2.0 x1."
MBAS497,Mainboard Asus H310M-A,24 tháng,0,1729000,img/MAIN/250_43851_mainboard_asus_h310m_a_0002_3.jpg,- Socket: 1151 hỗ trợ CPU intel thế hệ 8.- Kích thước: m-ATX.- Khe cắm RAM: 2 khe (Tối đa 32GB).
MBAS543,Mainboard Asus WS X299 PRO/SE,24 tháng,0,10999000,img/MAIN/250_49339_mainboard_asus_ws_x299_pro_se_0007_8.jpg,"- ASUS Control Center: Một tiện ích phần mềm cung cấp quản lý CNTT tập trung thuận tiện, an toàn và tiết kiệm chi phí cho các doanh nghiệp vừa và nhỏ..- ASMB9-iKVM (BMC): hỗ trợ cập nhật BIOS từ xa, điều khiển quạt, KVM độc lập, quay video và chụp BSOD, cung cấp giám sát và chẩn đoán từ xa suốt ngày qua bảng điều khiển từ xa (Web GUI & CLI).- Tản nhiệt VRM cực kỳ hiệu quả: Mảng vây kim loại được kết nối với diện tích bề mặt lớn thông qua một ống tản nhiệt .- Tốc độ truyền thế hệ tiếp theo: Lên đến 32Gbps kép M.2 và U.2, cộng với tối đa 10Gbps USB 3.1 Kết nối loại A và loại C.."
MBGI499,Mainboard Gigabyte AX370M-DS3H (AMD),24 tháng,1899000,1299000,img/MAIN/250_41796_mainboard_gigabyte_ax370m_ds3h_amd_0000_1.jpg,
MBMS346,"Mainboard MSI H310M PRO-VD PLUS (Intel H310, Socket 1151, m-ATX, 2 khe RAM DDR4)",24 tháng,0,1589000,img/MAIN/250_47019_mainboard_msi_h310m_pro_vd_plus_0000_1.jpg,"- Socket: 1151 hỗ trợ CPU intel thế hệ 9.- Kích thước: m-ATX.- Khe cắm RAM: 2 khe (Tối đa 32GB).- Khe cắm mở rộng: PCI-E X16, PCI-E GEN3, PCI-E X1,.- Khe cắm ổ cứng: SATAIII."
MBGI530,"Mainboard GIGABYTE X570 AORUS PRO (AMD X570, Socket AM4, ATX, 4 khe RAM DDR4) ",24 tháng,0,7299000,img/MAIN/250_47487_mainboardgigabyte_x570_aorus_pro_0002_3.jpg,"- Socket: AM4 hỗ trợ CPU Ryzen thế hệ 3 và 2.- Kích thước: ATX.- Khe cắm RAM: 4 khe (Tối đa 128GB).- Khe cắm mở rộng: 1 x PCIe 4.0/3.0 x16.- Khe cắm ổ cứng: 6 x SATA 6Gb/s, 1 x M.2 connector."
MBSM010,Mainboard Supermicro MBD-X10DRG-Q-B,36 tháng,0,15999000,img/MAIN/250_53225_x10drg_q_1.jpg,- Kích thước: 38.61cm x 33.53cm .- Socket: LGA 2011.- Chipset: C612.- Khe RAM tối đa: 4.- Loại RAM hỗ trợ: DDR4.
MBAR247,"Mainboard ASROCK Z490 CREATOR (Intel Z490, Socket 1200, ATX, 4 khe Ram DDR4)",24 tháng,0,0,img/MAIN/250_52437_asrock_z490_taichi.jpg,- Kích thước: ATX.- Socket: LGA 1200.- Chipset: Z490.- Khe RAM tối đa: 4.- Loại RAM hỗ trợ: DDR4.
MBAS606,Mainboard ASUS TUF GAMING A520M-PLUS,24 tháng,0,2399000,img/MAIN/250_54921_tuf_gaming_a520m_plus_01.jpg,- Kích thước: M-ATX.- Socket: AM4.- Chipset: A520.- Khe RAM tối đa: 4.- Loại RAM hỗ trợ: DDR4.
MBAS501,Mainboard ASUS ROG MAXIMUS XI HERO (WI-FI)/CE Z390,24 tháng,0,8199000,img/MAIN/250_44070_mainboard_asus_rog_maximus_xi_hero_wi_fice_0005_6.jpg,"- Socket LGA1151 cho các bộ xử lý máy tính bàn Intel® Core™ thế hệ thứ 8/9..- Công nghệ đèn RGB đồng bộ hóa hỗ trợ nhiều thiết bị PC tương thích Aura Sync và hỗ trợ các dải đèn địa chỉ và Phillip Hue..- Bo mạch chủ được làm mát hoàn hảo với các vùng cổng cấp nước chuyên dụng, quạt tản nhiệt M.2 và điều khiển quạt đa dạng..- Khả năng kết nối gaming: Intel Gigabit Ethernet , LANGaurd, M.2 kép, USB 3.1 Gen 2, Wi-Fi với MU-MI-MO 802.11..- Tối ưu hóa 5 bước: Tự động điều chỉnh toàn hệ thống, hỗ trợ các tính năng ép xung và làm mát công nghệ AI dành riêng cho giàn máy của bạn.."
MBGI508,"Mainboard GIGABYTE B450M-DS3H (AMD B450, Socket AM4, m-ATX, 4 khe RAM DDR4) ",24 tháng,0,1899000,img/MAIN/250_43970_mainboard_gigabyte_b450m_ds3h_0001_2019011815461141_src.jpg,"- Socket: AM4 Cho CPU AMD Ryzen.- Kích thước: m-ATX.- Khe cắm RAM: 4 khe (Tối đa 64GB DDR4 3200(O.C.)/2933/2667/2400/2133 MHz).- Khe cắm mở rộng: 2 x PCI Express x16, 1 x PCI Express x1."
MBMS344,"Mainboard MSI MPG Z390I GAMING EDGE AC (Intel Z390, Socket 1151, m-ITX, 4 khe RAM DDR4)",24 tháng,0,5990000,img/MAIN/250_45422_mainboard_msi_mpg_z390i_gaming_edge_ac_0006_7.jpg,"- Socket: LGA1151 hỗ trợ CPU intel thế hệ 8 và 9.- Kích thước: m-ITX.- Khe cắm RAM: 2 khe (Tối đa 64GB).- Khe cắm mở rộng: 1 x PCIe 3.0 x16.- Khe cắm ổ cứng: 4 x SATA 6Gb/s, 2 x M.2."
MBGI527,"Mainboard GIGABYTE H310M-H (Intel H310, Socket 1151, m-ATX, 2 khe RAM DDR4)",24 tháng,0,1669000,img/MAIN/250_46023_mainboard_gigabyte_h310m_h_0001_2.jpg,"- Socket: LGA1151 hỗ trợ CPU intel thế hệ 9 và thế hệ 8.- Kích thước: m-ATX.- Khe cắm RAM: 2 khe (Tối đa 32GB).- Khe cắm mở rộng: 1 x PCI Express x16 slot, 2 x PCI Express x1 slots.- Khe cắm ổ cứng: 4 x SATA 6Gb/s."
MBSM011,Mainboard Supermicro MBD-X11DPG-QT-B,36 tháng,0,22899000,img/MAIN/250_53226_x11dpg_qt_front_2.jpg,- Kích thước: 38.4cm x 33.53cm .- Socket: LGA 3647.- Chipset: C621.- Khe RAM tối đa: 4.- Loại RAM hỗ trợ: DDR4.
MBAS564,"Mainboard ASUS ROG STRIX Z490-H GAMING (Intel Z490, Socket 1200, ATX, 4 khe RAM DDR4)",24 tháng,0,6399000,img/MAIN/250_52348_rog_strix_z490_h_01_01.jpg,"- Chuẩn mainboard: ATX.- Socket: 1200, Chipset: Z490.- Hỗ trợ RAM: 4 khe DDR4, tối đa 128GB.- Lưu trữ:  2 x M.2 NVMe, 6 x SATA 3 6Gb/s.- Cổng xuất hình: 1 x HDMI, 1 x DisplayPort."
MBGI575,"Mainboard Gigabyte B550 AORUS PRO AC (AMD B550, Socket AM4, m-ATX, 4 khe RAM DDR4)",24 tháng,0,5699000,img/MAIN/250_53553_gigabyte_b550_aorus_pro_ac.jpg,- Kích thước: M-ATX.- Socket: AM4.- Chipset: B550.- Khe RAM tối đa: 4.- Loại RAM hỗ trợ: DDR4.
MBAS607,Mainboard ASUS PRIME A520M-A,24 tháng,0,2159000,img/MAIN/250_54922_prime_a520m_a_01.jpg,- Kích thước: M-ATX.- Socket: AM4.- Chipset: A520.- Khe RAM tối đa: 2.- Loại RAM hỗ trợ: DDR4.
MBMS357,"Mainboard MSI B450M PRO - M2 V2 (AMD B450, Socket AM4, m-ATX, 2 khe RAM DDR4) ",24 tháng,0,1799000,img/MAIN/250_48060_mainboard_msi_b450m_pro_m2_v2_0004_5.jpg,"- Socket: AM4 hỗ trợ CPU Ryzen 7.- Kích thước: m-ATX.- Khe cắm RAM: 2 khe (Tối đa 32GB).- Khe cắm mở rộng: 1 x PCI-E X16, 2 x PCI-E X1, PCI-E GEN3.- Khe cắm ổ cứng: 4 x SATAIII, 1 x M.2 SLOT."
MBAS503,"Mainboard ASUS PRIME Z390M-PLUS (Intel Z390, Socket 1151, m-ATX, 4 khe RAM DDR4)",24 tháng,3299000,2999000,img/MAIN/250_44255_bo_mach_chu_asus_prime_z390m_plus_hop.png,- OptiMem II: Định tuyến chính xác dấu vết và đường cùng với tối ưu hóa lớp cơ sở để đảm bảo tính toàn vẹn tín hiệu nhằm tăng cường ép xung bộ nhớ..- Giải pháp cải thiện hiệu suất điện năng: Các linh kiện cao cấp cho hiệu suất điện năng tốt hơn..- UEFI BIOS: Các tùy chọn UEFI gồm chức năng tìm kiếm cho phép bạn tìm kiếm các thiết lập một cách dễ dàng..- Các giải pháp làm mát hàng đầu: Điều khiển hoàn toàn các quạt và máy bơm AIO thông qua phần mềm Fan Xpert 4 hoặc UEFI nổi tiếng..- Kết nối siêu nhanh: Hỗ trợ RAID M.2 kép riêng và NVMe PCIe cho tốc độ lưu trữ siêu nhanh..
MBMS369,"Mainboard MSI A320M PRO-VDS V2 (AMD A320, Socket AM4, m-ATX, 2 khe RAM DDR4) ",24 tháng,0,1379000,img/MAIN/250_49684_mainboard_msi_a320m_pro_vds_v2_0004_5.jpg,- Hỗ trợ AMD® Ryzen thế hệ 1 và 2 / Ryzen ™ với Radeon ™ Vega Graphics / Athlon ™ với Radeon ™ Vega Graphics và A-series / Athlon ™ X4 cho socket AM4.- Hỗ trợ DDR4 1866/2133/2400/2667 Mhz.- DDR4 Boost: Tăng bộ nhớ DDR4 của bạn.- Audio Boost: Thưởng cho đôi tai của bạn với chất lượng âm thanh ở mức studio cho trải nghiệm HI-FI.- Đèn LED gỡ lỗi EZ: Cách dễ nhất để khắc phục sự cố.
MBMS340,Mainboard MSI MEG X399 CREATION,24 tháng,0,12999000,img/MAIN/250_44381_mainboard_msi_meg_x399_creation_0001_2.jpg,"- Chuẩn mainboard: Extended-ATX.- Socket: TR4 , Chipset: X399.- Hỗ trợ RAM: DDR4 , tối đa 128GB.- Cổng cắm lưu trữ: 3 x M.2 SATA/NVMe; 8 x SATA 3 6Gb/s.- Cổng xuất hình: Không có."
MBGI525,"Mainboard GIGABYTE Z390 AORUS XTREME WATERFORCE (Intel Z390, Socket 1151, ATX, 4 khe RAM DDR4)",24 tháng,0,21999000,img/MAIN/250_45556_mainboard_gigabyte_z390_aorus_xtreme_waterforce_0003_4.jpg,- Kích thước: ATX.- Socket: LGA 1151v2.- Chipset: Z390.- Khe RAM tối đa: 4.- Loại RAM hỗ trợ: DDR4.
MBAS551,"Mainboard ASUS ROG ZENITH II EXTREME TRX40 (AMD TRX40, Socket sTRX4, E-ATX, 8 khe RAM DDR4)",24 tháng,0,19299000,img/MAIN/250_50396_mainboard_asus_rog_zenith_ii_extreme_trx40_0002_3.jpg,"- Sẵn sàng cho Bộ xử lý AMD thế hệ thứ 3 Ryzen ™ Threadripper ™: Tối đa hóa khả năng kết nối và tốc độ với tối đa năm ổ M.2, USB3.2 Gen2x2 và AMD StoreMI.- Cung cấp năng lượng mạnh mẽ: Giải pháp năng lượng được tối ưu hóa với 16 phase nguồn Infineon TDA21472, đầu nối nguồn ProCool II, cuộn dây hợp kim microfine và tụ điện 10K.- Thiết kế nhiệt toàn diện: Tản nhiệt VRM làm mát chủ động, tản nhiệt nhôm PCIe vùng M.2, tấm ốp lưng, Fan Extension Card II và vùng làm mát bằng nước.- Kết nối mạng hiệu năng cao: Onboard Aquantia® 10 Gbps Ethernet, Wi-Fi 6 (802.11ax) có hỗ trợ MU-MIMO và công nghệ GameFirst V.- Cá nhân hóa chưa từng có: Màn hình OLED màu và Aura Sync RGB độc quyền của ASUS, bao gồm hai cổng RGB bổ sung và hai cổng D-RGB."
MBSM012,"Mainboard Supermicro MBD-X10DAX-O (Intel C612, socket 2011-3, E-ATX, 16 khe RAM DDR4)",24 tháng,12999000,10999000,img/MAIN/250_54153_x10dax.jpg,
MBAS566,"Mainboard ASUS ROG STRIX Z490-G GAMING (Intel Z490, Socket 1200, m-ATX, 4 khe RAM DDR4)",24 tháng,0,7079000,img/MAIN/250_52350_rog_strix_z490_g_gaming_01_01.jpg,"- Chuẩn mainboard: ATX.- Socket: 1200, Chipset: Z490.- Hỗ trợ RAM: 4 khe DDR4, tối đa 128GB.- Lưu trữ:  2 x M.2 NVMe, 6 x SATA 3 6Gb/s.- Cổng xuất hình: 1 x HDMI, 1 x DisplayPort."
MBAR249,"Mainboard ASROCK Z490 PG VELOCITA (Intel Z490, Socket 1200, ATX, 4 khe Ram DDR4)",24 tháng,0,0,img/MAIN/250_52439_z490_pg_velocita.jpg,"- Chuẩn mainboard: ATX.- Socket: 1200, Chipset: Z490.- Hỗ trợ RAM: 4 khe DDR4, tối đa 128GB.- Lưu trữ: 2 x M.2 NVMe, 8 x SATA 3 6Gb/s.- Cổng xuất hình: 1 x HDMI, 1 x Display Port."
MBAR266,"Mainboard ASROCK H410M-HDVP (Intel H410, Socket 1200, m-ATX, 2 khe Ram DDR4)",24 tháng,0,0,img/MAIN/250_52456_mainboard_asrock_h410m_hdvp_intel_h410_socket_1200_m_atx_2_khe_ram_ddr4_0003_4.jpg,"- Chuẩn mainboard: m-ATX.- Socket: 1200, Chipset: H410.- Hỗ trợ RAM: 2 khe DDR4, tối đa 64GB.- Lưu trữ:  1 x M.2 NVMe, 4 x SATA 3 6Gb/s.- Cổng xuất hình: 1 x HDMI, 1 x DVI, 1 x VGA."
MBGI576,"Mainboard Gigabyte B550 AORUS PRO (AMD B550, Socket AM4, ATX, 4 khe RAM DDR4)",24 tháng,0,5199000,img/MAIN/250_53554_gigabyte_b550_aorus_pro.jpg,- Kích thước: ATX.- Socket: AM4.- Chipset: B550.- Khe RAM tối đa: 4.- Loại RAM hỗ trợ: DDR4.
MBAS608,Mainboard ASUS PRIME A520M-E,24 tháng,0,1999000,img/MAIN/250_54923_prime_a520m_e_01.jpg,- Kích thước: M-ATX.- Socket: AM4.- Chipset: A520.- Khe RAM tối đa: 2.- Loại RAM hỗ trợ: DDR4.
MBAR229,"Mainboard ASROCK Z390 PHANTOM GAMING-ITX/AC (Intel Z390 , Socket 1151, Mini-ITX, 2 khe RAM DDR4)",24 tháng,0,4990000,img/MAIN/250_45421_mainboard_asrock_z390_phantom_gaming_itxac_0004_5.jpg,"- Hỗ trợ bộ xử lý Intel® Core ™ thế hệ thứ 9 và thứ 8 (Socket 1151).- Hỗ trợ DDR4 4500 MHz + (OC).- 1 PCIe 3.0 x16.- Tùy chọn đầu ra đồ họa: HDMI, DisplayPort.- 7.1 CH HD Audio (Bộ giải mã âm thanh Realtek ALC1220), hỗ trợ Creative Sound Blaster ™ Cinema 5."
MBAS407,Mainboard ASUS Z9PA-D8C (DUAL CPU WORKSTATION),24 tháng,0,8499000,img/MAIN/250_33403_mainboard_asus_z9pa_d8c_dual_cpu_workstation_0003_4.jpg,"- ASUS tự hào công bố bo mạch máy chủ Z9PA-D8C mới dựa trên nền tảng Intel® E5-2600 + C602 PCH. Bo mạch này tích hợp các tính năng linh hoạt vào một kích thước 12”x10” nhỏ gọn cho phép bo mạch có thể lắp vừa khung ATX. Nhờ có thiết kế sáng tạo và tay nghề sản xuất tinh tế nhất, bo mạch có thể hỗ trợ hai bộ vi xử lý Intel® Xeon® E5-2600 lên đến CPU 135W. Với giải pháp tản nhiệt được phát triển tương xứng trong giá đỡ 1U, hệ thống có thể hỗ trợ lên đến CPU 115W.."
MBAS538,"Mainboard Asus EX A320M Gaming (AMD A320, Socket AM4, m-ATX, 4 khe RAM DDR4)",24 tháng,0,1599000,img/MAIN/250_48630_mainboard_asus_ex_a320m_gaming_0002_3.jpg,"- Hoạt động liên tục: Lựa chọn tốt nhất cho các quán iCafés, hệ thống chơi game xây theo đơn hàng và doanh nghiệp chú trọng đến chất lượng..- Độ bền không ngừng nghỉ: Những tính năng bậc nhất bao gồm lớp phủ chống ẩm, thiết kế khe cắm PCIe x16 và cổng LAN mạ vàng, USB Guard, cộng với 5X Protection III..- Chơi game liên tục: Đồng bộ hóa Aura, ASUS Beyond VR đã sẵn sàng, trải nghiệm âm thanh nổi bật.- Độ bền vượt thời gian: Được chứng nhận bởi ASUS iCafe Labs là đã được kiểm tra khởi động lại và kiểm tra tương thích cho việc sử dụng trên hệ thống không ổ đĩa, các game hàng đầu cùng hơn 100 thiết bị ngoại vi, hơn 1000 CPU, mô-đun nhớ, card đồ họa và hơn thế nữa.."
MBMS358,"Mainboard MSI H310M PRO - VH Plus (AMD H310, Socket AM4, m-ATX, 2 khe RAM DDR4) ",24 tháng,1699000,1639000,img/MAIN/250_48371_mainboard_msi_h310m_pro_vh_plus_0000_1.jpg,"- Hỗ trợ bộ xử lý Intel® Core ™ / Pentium® Gold / Celeron® thế hệ thứ 9/8 Socket LGA 1151.- Hỗ trợ bộ nhớ DDR4, lên tới 2666 MHz.- Audio Boost: Thưởng cho đôi tai của bạn với chất lượng âm thanh cấp phòng thu..- EZ Debug LED: Cách dễ nhất để khắc phục sự cố..- Giáp thép PCI-E: Bảo vệ Card VGA chống uốn cong và EMI cho hiệu suất, độ ổn định và độ bền tốt hơn.."
MBAS504,Mainboard ASUS ROG STRIX Z390-H GAMING,24 tháng,0,4699000,img/MAIN/250_44256_1_hinh_dai_dien_bo_mach_chu_gaming_cao_cap_asus_rog_strix_z390_h_gaming_aura_sync_box.png,"- Socket LGA1151 cho các bộ xử lý máy tính bàn Intel® Core™ thế hệ thứ 8/9..- Khả năng kết nối gaming: Các đầu cắm M.2 Kép và USB 3.1 Thế hệ 2 Loại A..- Kết nối mạng gaming: Intel® Gigabit Ethernet, LANGuard và GameFirst..- Âm thanh gaming: SupremeFX S1220A kết hợp với Sonic Studio III mang tới quang cảnh âm thanh đưa bạn nhập tâm sâu hơn vào hành động..- Easy DIY: Màn chắn I/O gắn sẵn, ASUS SafeSlot và các bộ phận cao cấp mang lại độ bền tối đa.."
MBMS336,"Mainboard MSI MPG Z390 EDGE AC (Intel Z390, Socket 1151, ATX, 4 khe RAM DDR4)",24 tháng,0,5099000,img/MAIN/250_44161_mainboard_msi_mpg_z390_edge_ac_0004_5.jpg,- Kích thước: ATX.- Socket: 1151v2.- Chipset: Z390.- Khe RAM tối đa: 4.- Loại RAM hỗ trợ: DDR4.
MBAS552,"Mainboard ASUS ROG STRIX TRX40-E GAMING (AMD TRX40, Socket sTRX4, E-ATX, 8 khe RAM DDR4)",24 tháng,0,13699000,img/MAIN/250_50397_mainboard_asus_rog_strix_trx40_e_gaming_1.jpg,"- Sẵn sàng cho bộ xử lý AMD Ryzen ™ Threadripper ™ thế hệ thứ 3 mới nhất để tối đa hóa khả năng kết nối và tốc độ với tối đa ba ổ M.2, USB 3.2 Gen 2..- Cá nhân hóa chưa từng có: Ánh sáng OLED và Aura Sync RGB, bao gồm các cổng led RGB và D-RGB.- Giải pháp tối ưu: 16 phase nguồn với đầu nối nguồn ProCool II, cuộn cảm chất lượng cao và tụ điện bền để hỗ trợ bộ xử lý đa.- Làm mát toàn diện: Tản nhiệt chủ động VRM và Chipset, tản nhiệt vây xếp chồng lên nhau, với tản nhiệt M.2 kép .- Kết nối chơi game: Ba cổng M.2, USB 3.2 Gen 2 Type-C và đầu nối bảng điều khiển phía trước Type-C."
MBSM013,"Mainboard Supermicro MBD-X10SRA-O (Intel C612, socket 2011-3, ATX, 8 khe RAM DDR4)",24 tháng,8499000,7799000,img/MAIN/250_54154_x10sra.jpg,
MBGI558,"Mainboard GIGABYTE Z490i AORUS ULTRA (Intel Z490, Socket 1200, Mini ITX, 2 khe RAM DDR4)",24 tháng,0,6989000,img/MAIN/250_52302_gigabyte_z490i_aorus_ultra.jpg,"- Chuẩn mainboard: Mini ITX.- Socket: 1200, Chipset: Z490.- Hỗ trợ RAM: 2 khe DDR4, tối đa 64GB.- Lưu trữ:  1 x M.2 NVMe, 2 x SATA 3 6Gb/s.- Cổng xuất hình: 1 x HDMI, 1 x Display Port."
MBAR267,"Mainboard ASROCK H410M-ITX/ac (Intel H410, Socket 1200, Mini-ITX, 2 khe Ram DDR4)",24 tháng,0,3499000,img/MAIN/250_52457_h410m_itxac_l1_.jpg,"- Socket: Socket 1200 hỗ trợ CPU intel thế hệ 10.- Kích thước: Mini-ITX .- Khe cắm RAM: 2 khe (Tối đa 64GB).- Khe cắm mở rộng: 1 x PCI Express 3.0 x16 Slot, 1 x Vertical M.2 Socket."
MBGI577,"Mainboard Gigabyte B550 AORUS PRO AX (AMD B550, Socket AM4, Mini-ATX, 2 khe RAM DDR4)",24 tháng,0,5199000,img/MAIN/250_53555_gigabyte_b550_aorus_pro_ax.jpg,- Kích thước: M-ATX.- Socket: AM4.- Chipset: B550.- Khe RAM tối đa: 4.- Loại RAM hỗ trợ: DDR4.
MBAS609,Mainboard ASUS PRIME A520M-K,24 tháng,0,1959000,img/MAIN/250_54924_prime_a520m_k_01.jpg,- Kích thước: M-ATX.- Socket: AM4.- Chipset: A520.- Khe RAM tối đa: 2.- Loại RAM hỗ trợ: DDR4.
MBMS367,"Mainboard MSI A320M PRO-M2 V2 (AMD A320, Socket AM4, m-ATX, 2 khe RAM DDR4) ",24 tháng,0,1429000,img/MAIN/250_49682_mainboard_msi_a320m_pro_m2_v2_0002_3.jpg,"- Hỗ trợ AMD® Ryzen thế hệ 1 và 2 / Ryzen ™ và Athlon ™ với Radeon ™ Vega Graphics / A-series và Athlon ™ X4 Bộ xử lý cho socket AM4.- Hỗ trợ bộ nhớ DDR4, lên đến 3200+ (OC) MHz.- Turbo M.2: Chạy ở PCI-E Gen3 x4 tối đa hóa hiệu suất cho SSD dựa trên NVMe..- DDR4 Boost: Công nghệ tiên tiến để cung cấp tín hiệu dữ liệu thuần túy cho hiệu suất và độ ổn định tốt nhất..- Audio Boost: Thưởng cho đôi tai của bạn với chất lượng âm thanh cấp phòng thu.."
MBMS334,"Mainboard MSI MEG Z390 ACE (Intel Z390, Socket 1151, ATX, 4 khe RAM DDR4)",24 tháng,0,7399000,img/MAIN/250_44159_mainboard_msi_meg_z390_ace_0004_5.jpg,- Kích thước: ATX.- Socket: 1151v2.- Chipset: Z490.- Khe RAM tối đa: 4.- Loại RAM hỗ trợ: DDR4.
MBGI519,"Mainboard GIGABYTE Z390 Aorus Xtreme (Intel Z390, Socket 1151, ATX, 4 khe RAM DDR4)",24 tháng,0,14599000,img/MAIN/250_44885_mainboard_gigabyte_z390_aorus_xtreme_0001_2.jpg,- Kích thước: ATX.- Socket: LGA 1151v2.- Chipset: Z390.- Khe RAM tối đa: 4.- Loại RAM hỗ trợ: DDR4.
MBAR231,"Mainboard ASROCK B365 - Pro4 (Intel B365, Socket 1151, m-ATX, 4 khe RAM DDR4)",24 tháng,0,2799000,img/MAIN/250_45723_mainboard_asrock_b365_pro4_0004_5.jpg,"- Hỗ trợ bộ xử lý Intel® Core ™ thế hệ thứ 9 và thứ 8 (Socket 1151).- Hỗ trợ DDR4 2666.- 2 PCIe 3.0 x16, 2 PCIe 3.0 x1, 1 M.2 Phím E cho WiFi.- AMD Quad CrossFireX ™.- Tùy chọn đầu ra đồ họa: HDMI, DVI-D, D-Sub."
MBAS430,"Mainboad ASUS STRIX B350F GAMING (AMD B350F, Socket AM4, ATX, 4 khe RAM DDR4)",24 tháng,1999000,1599000,img/MAIN/250_49065_mainboad_asus_strix_b350f_gaming_amd_0004_5.jpg,- Sản phẩm kế thừa của dòng bo mạch chủ Pro Gaming.- Aura Sync RGB LED: Hiệu ứng đồng bộ choáng ngợp và hai đầu cắm dải RGB Aura 4 pin.- Âm thanh SupremeFX: Hiệu suất âm thanh lừng danh với Sonic Studio III và Sonic Radar III đầy trực quan.- Tối ưu 5 Chiều: Ép xung toàn hệ thống với một nhấp chuột..- Khả năng kết nối gaming: Đầu cắm M.2 và USB 3.1 Kiểu A.
MBGI476,"Mainboard GIGABYTE A320M-DS2 (AMD A320, Socket AM4, m-ATX, 2 khe RAM DDR4) ",24 tháng,1699000,1499000,img/MAIN/250_36875_mainboard_gigabyte_a320mds2_0002_3.jpg,- Kích thước: M-ATX.- Socket: AM4.- Chipset: A320.- Khe RAM tối đa: 2.- Loại RAM hỗ trợ: DDR4.
